2550362,1,true,10,4,8-9,30.0
1187899,1,false,11,4,8-9,14.0
2710933,192,true,5,2,8-9,30.0
3155162,192,false,6,1,12-13,30.0
2386359,572,false,3,2,14-15,18.0
1609767,572,true,4,3,16-17,1.0
1674686,733,true,4,0,12-13,20.0
1387253,733,true,5,1,16-17,30.0
3278312,742,true,13,6,10-11,5.0
223389,742,true,14,2,18-19,3.0
2034875,1054,true,5,6,14-15,30.0
3161232,1054,false,6,5,16-17,13.0
2185137,1314,true,20,0,8-9,7.0
1458492,1314,false,21,6,6-7,6.0
1382672,1399,true,5,4,14-15,2.0
633569,1399,true,6,3,8-9,6.0
2022739,1438,true,48,5,14-15,7.0
3025341,1438,true,49,0,20-21,9.0
685421,1505,true,13,2,8-9,22.0
1144293,1505,true,14,6,16-17,4.0
2489182,1766,true,15,6,14-15,20.0
449406,1766,false,16,1,10-11,16.0
406150,2102,true,32,2,12-13,8.0
1983157,2102,false,33,2,10-11,7.0
2316874,2499,false,3,4,12-13,0.0
54804,2499,true,4,1,16-17,30.0
3134122,2632,true,4,6,14-15,11.0
166425,2632,true,5,4,14-15,19.0
228336,2766,true,11,5,8-9,14.0
2827871,2766,false,12,5,8-9,14.0
1299280,2775,true,8,3,10-11,30.0
539240,2775,true,9,2,8-9,30.0
765442,3441,true,6,0,14-15,13.0
3123692,3441,true,7,1,22-23,8.0
833683,4140,true,4,1,10-11,0.0
1756193,4140,false,5,1,8-9,7.0
2559625,4305,false,9,3,16-17,9.0
2013369,4305,true,10,4,12-13,30.0
2370484,4333,true,31,5,14-15,21.0
3303801,4333,false,32,2,14-15,18.0
692013,4708,false,16,2,14-15,6.0
2417249,4708,true,17,3,2-3,8.0
2538586,4712,true,19,1,16-17,29.0
1239853,4712,false,20,3,10-11,2.0
2892470,4729,true,16,0,12-13,2.0
2875650,4729,true,17,4,22-23,4.0
2865514,4796,true,14,4,12-13,6.0
1815680,4796,false,15,5,16-17,15.0
1047598,4857,true,3,1,12-13,15.0
836851,4857,true,4,0,16-17,6.0
3415935,4924,false,2,0,16-17,30.0
3123653,4924,true,3,1,22-23,30.0
2808613,4984,true,38,3,12-13,9.0
2043219,4984,true,39,5,10-11,9.0
3050438,5077,true,29,2,10-11,8.0
3216420,5077,true,30,3,8-9,8.0
2265195,5100,false,15,4,8-9,10.0
1957205,5100,true,16,2,14-15,30.0
2005708,5147,false,5,4,10-11,25.0
1148219,5147,true,6,2,10-11,26.0
1656701,5188,true,14,4,14-15,7.0
2130795,5188,false,15,4,12-13,7.0
131272,5304,true,30,0,6-7,7.0
2794349,5304,false,31,6,12-13,6.0
100196,5364,true,3,3,14-15,26.0
41594,5364,true,4,3,14-15,28.0
2865833,5704,true,10,3,10-11,27.0
2988225,5704,false,11,3,10-11,30.0
2264258,5944,false,14,0,10-11,22.0
367293,5944,true,15,5,14-15,19.0
85425,6103,false,10,3,8-9,7.0
228635,6103,true,11,3,10-11,30.0
2823969,6219,false,14,1,20-21,13.0
852266,6219,true,15,4,10-11,17.0
3282915,6654,true,8,2,16-17,15.0
2946087,6654,false,9,4,18-19,16.0
1182391,6758,false,6,6,14-15,6.0
1688118,6758,true,7,4,8-9,5.0
486463,7709,true,39,3,8-9,2.0
779418,7709,false,40,1,16-17,5.0
587613,7862,false,12,5,12-13,10.0
126371,7862,true,13,5,14-15,14.0
416332,8053,false,3,6,8-9,7.0
2612435,8053,true,4,6,8-9,7.0
2070888,8133,true,22,2,8-9,6.0
2729317,8133,false,23,4,16-17,9.0
1719817,8204,false,2,0,14-15,27.0
2232835,8204,true,3,4,18-19,11.0
2194676,8599,false,3,1,10-11,6.0
2440104,8599,true,4,3,12-13,9.0
2074393,8616,false,7,4,16-17,16.0
1725119,8616,true,8,3,10-11,20.0
1318004,8881,true,4,1,22-23,16.0
762536,8881,false,5,5,10-11,11.0
1884917,8896,false,33,1,8-9,7.0
2163107,8896,true,34,1,14-15,7.0
2141353,8924,true,45,2,18-19,2.0
443115,8924,false,46,6,12-13,11.0
3105831,8930,false,31,1,10-11,14.0
1949172,8930,true,32,2,10-11,15.0
1511090,9162,false,17,6,16-17,7.0
1424130,9162,true,18,6,16-17,21.0
3110271,9655,false,78,5,10-11,7.0
2265006,9655,true,79,4,8-9,6.0
2322237,9661,true,9,1,10-11,30.0
1939439,9661,true,10,1,8-9,21.0
1358751,9824,false,2,0,14-15,30.0
2138146,9824,true,3,0,8-9,30.0
2851797,9958,false,3,2,14-15,3.0
1118120,9958,true,4,1,10-11,6.0
2280550,10394,false,4,5,8-9,9.0
2778936,10394,true,5,3,10-11,26.0
3045322,10426,true,3,3,8-9,16.0
1243782,10426,true,4,6,10-11,17.0
674321,10491,true,23,1,10-11,11.0
380373,10491,true,24,5,10-11,4.0
1584674,10657,true,5,4,12-13,3.0
958684,10657,false,6,2,10-11,19.0
2956882,10681,false,5,0,14-15,30.0
409421,10681,true,6,0,18-19,30.0
2691617,11121,true,20,3,8-9,7.0
158567,11121,false,21,2,16-17,6.0
2429989,11263,false,8,2,16-17,15.0
166873,11263,true,9,2,10-11,21.0
2699460,11348,true,11,3,8-9,28.0
2279114,11348,false,12,0,12-13,30.0
1435583,11359,false,11,2,16-17,11.0
2784167,11359,true,12,3,18-19,8.0
1287685,11385,false,11,1,14-15,15.0
2465589,11385,true,12,0,16-17,30.0
1097215,11637,true,40,5,14-15,7.0
3211644,11637,false,41,5,14-15,7.0
1923800,11818,false,9,5,10-11,7.0
3183386,11818,true,10,5,10-11,7.0
1157309,12018,true,3,0,8-9,9.0
435712,12018,true,4,0,14-15,7.0
1682797,12142,true,10,0,8-9,28.0
2879542,12142,true,11,6,12-13,6.0
3278535,12260,true,17,1,14-15,13.0
1611453,12260,true,18,6,14-15,5.0
292055,12456,true,6,5,16-17,1.0
1804342,12456,true,7,4,16-17,20.0
3090654,12577,true,3,0,10-11,30.0
1256652,12577,false,4,6,14-15,13.0
1389605,12904,true,20,5,12-13,16.0
606166,12904,true,21,2,10-11,4.0
2401021,13124,false,16,4,12-13,9.0
1580104,13124,true,17,5,14-15,8.0
425875,13260,false,41,1,10-11,7.0
446292,13260,true,42,4,18-19,3.0
2299085,13367,true,43,0,10-11,6.0
3264133,13367,true,44,6,18-19,6.0
1667978,13384,false,14,5,8-9,30.0
1764805,13384,true,15,0,10-11,23.0
2527899,14154,true,5,1,10-11,30.0
1120662,14154,false,6,0,20-21,30.0
2968008,14219,true,3,3,14-15,1.0
208163,14219,false,4,4,10-11,15.0
2572570,14453,true,13,2,10-11,4.0
2466956,14453,false,14,2,10-11,7.0
2127236,14538,false,13,6,12-13,27.0
1020085,14538,true,14,4,10-11,26.0
1418508,14660,true,13,2,10-11,21.0
1690843,14660,true,14,1,14-15,13.0
1976489,15294,true,8,4,8-9,9.0
1216338,15294,true,9,2,6-7,30.0
1143745,15855,false,16,2,8-9,1.0
3295088,15855,true,17,1,8-9,6.0
2995289,15920,false,18,3,18-19,25.0
2589917,15920,true,19,1,10-11,5.0
771824,16074,true,3,4,10-11,7.0
2183642,16074,true,4,1,12-13,11.0
672125,16567,true,18,3,10-11,6.0
1878514,16567,true,19,1,10-11,5.0
1068591,16630,false,7,0,8-9,30.0
1162542,16630,true,8,5,18-19,19.0
417274,16983,true,17,2,14-15,26.0
146917,16983,false,18,4,10-11,9.0
406533,17030,true,25,6,18-19,18.0
412190,17030,false,26,2,12-13,17.0
2826357,17126,false,4,1,14-15,9.0
1550074,17126,true,5,2,16-17,8.0
1392892,17379,false,4,1,14-15,30.0
786476,17379,true,5,1,12-13,30.0
835837,17817,true,2,5,18-19,30.0
1631276,17817,false,3,5,10-11,30.0
287192,17909,true,7,0,18-19,7.0
1759946,17909,false,8,0,14-15,14.0
386421,18174,true,3,2,18-19,8.0
3138921,18174,false,4,1,10-11,6.0
1342988,18254,false,14,5,8-9,7.0
1183960,18254,true,15,5,12-13,7.0
2994759,18471,false,91,1,16-17,0.0
2256762,18471,true,92,4,8-9,3.0
3404998,18961,true,25,5,12-13,14.0
617466,18961,false,26,3,12-13,12.0
723490,18981,true,16,4,10-11,15.0
2840789,18981,false,17,2,10-11,19.0
2718790,19087,true,6,2,8-9,30.0
3392251,19087,false,7,1,8-9,30.0
2769210,19165,true,4,3,10-11,9.0
2870229,19165,true,5,1,10-11,5.0
2210095,19628,false,7,0,14-15,2.0
1651107,19628,true,8,5,8-9,5.0
119088,19642,false,10,5,10-11,8.0
748089,19642,true,11,3,10-11,19.0
157246,19686,false,58,5,14-15,2.0
3004895,19686,true,59,3,10-11,5.0
2210075,19825,true,3,5,8-9,30.0
1333604,19825,true,4,0,18-19,30.0
1569301,19835,true,15,6,10-11,21.0
2418701,19835,false,16,6,12-13,21.0
2680906,19882,true,10,0,8-9,30.0
287132,19882,false,11,0,16-17,7.0
1574932,19957,false,17,4,20-21,9.0
3292066,19957,true,18,5,6-7,29.0
993847,20019,false,32,0,14-15,5.0
2958948,20019,true,33,4,10-11,4.0
678438,20655,true,3,0,14-15,6.0
2368312,20655,true,4,2,12-13,9.0
52768,21054,true,3,1,10-11,30.0
253400,21054,true,4,3,14-15,30.0
1395612,21142,true,7,5,10-11,22.0
852105,21142,false,8,1,10-11,24.0
793916,21297,false,20,2,14-15,5.0
180638,21297,true,21,3,10-11,8.0
1196557,21659,false,20,2,12-13,21.0
2301255,21659,true,21,3,20-21,1.0
507375,21715,true,12,1,16-17,5.0
2879615,21715,false,13,3,12-13,2.0
2803229,21846,true,3,5,16-17,30.0
1618672,21846,false,4,3,18-19,19.0
2560814,22269,true,9,5,10-11,14.0
2049867,22269,false,10,1,10-11,3.0
2881069,22289,false,4,5,12-13,7.0
697076,22289,true,5,5,14-15,7.0
1402896,22646,true,27,2,16-17,5.0
1060626,22646,true,28,3,10-11,8.0
1849964,22650,false,10,1,18-19,12.0
2566800,22650,true,11,2,22-23,15.0
681245,22653,true,30,1,6-7,8.0
1582931,22653,true,31,0,14-15,13.0
2923593,22873,true,6,3,12-13,30.0
61899,22873,true,7,3,12-13,7.0
3357549,22899,false,4,1,6-7,18.0
648999,22899,true,5,1,10-11,30.0
2973896,22935,false,3,3,8-9,5.0
178094,22935,true,4,5,16-17,30.0
1527708,22973,true,2,2,6-7,27.0
1968894,22973,false,3,0,12-13,26.0
2614771,22977,true,15,2,10-11,14.0
2038879,22977,true,16,4,14-15,16.0
1452049,23494,true,11,4,16-17,3.0
1422902,23494,true,12,2,10-11,5.0
1194357,23713,true,27,0,10-11,12.0
542697,23713,false,28,0,10-11,7.0
3204598,23993,true,2,3,6-7,30.0
335254,23993,true,3,2,12-13,30.0
2589066,24199,true,4,1,8-9,7.0
1648952,24199,false,5,3,12-13,9.0
1903533,24270,true,11,4,10-11,30.0
2278603,24270,false,12,4,12-13,30.0
3064354,24312,true,27,3,8-9,7.0
2808404,24312,false,28,4,8-9,8.0
43397,24464,false,8,1,8-9,30.0
1603068,24464,true,9,2,16-17,22.0
520881,24600,false,10,4,20-21,0.0
3126899,24600,true,11,6,18-19,2.0
1788031,24710,true,5,3,16-17,30.0
1587985,24710,false,6,0,16-17,30.0
1954816,24921,true,11,6,8-9,5.0
2587474,24921,true,12,5,12-13,6.0
3418413,25001,true,18,2,10-11,6.0
3413135,25001,false,19,4,10-11,2.0
3210126,25220,true,99,1,10-11,3.0
2839010,25220,true,100,6,10-11,5.0
1709535,25287,true,8,1,10-11,6.0
1655024,25287,true,9,1,12-13,7.0
3073778,25410,true,68,1,8-9,7.0
435118,25410,false,69,2,8-9,8.0
2607050,25609,false,8,0,14-15,12.0
1535059,25609,true,9,6,16-17,13.0
1980599,25645,true,18,2,16-17,5.0
1031523,25645,false,19,0,12-13,12.0
1592048,26179,true,3,1,14-15,13.0
820758,26179,false,4,4,12-13,10.0
2665165,26568,false,37,2,12-13,8.0
593785,26568,true,38,3,10-11,8.0
2905322,27056,true,19,6,8-9,28.0
2628424,27056,true,20,0,12-13,22.0
1970607,27383,true,34,1,12-13,19.0
2915359,27383,false,35,4,10-11,10.0
1876813,27392,true,10,1,8-9,17.0
1521609,27392,false,11,4,14-15,10.0
624089,27517,true,3,1,12-13,20.0
2119582,27517,true,4,2,14-15,15.0
126863,27558,true,14,2,22-23,19.0
2469615,27558,true,15,0,22-23,19.0
2280607,27591,true,15,2,10-11,14.0
933164,27591,false,16,5,10-11,3.0
2056,27625,true,19,2,16-17,18.0
3154520,27625,false,20,1,14-15,13.0
570156,27769,true,23,5,22-23,19.0
105028,27769,false,24,6,16-17,29.0
1652885,27991,false,6,0,12-13,15.0
2989120,27991,true,7,0,16-17,14.0
3063768,28130,true,5,2,20-21,29.0
3189039,28130,false,6,2,14-15,30.0
3243020,28177,true,16,1,16-17,29.0
1766616,28177,true,17,0,6-7,30.0
2588782,28668,false,22,6,16-17,30.0
2380182,28668,true,23,0,10-11,1.0
394987,28998,false,6,1,14-15,30.0
792688,28998,true,7,0,12-13,20.0
3270481,30085,true,11,1,10-11,6.0
976971,30085,false,12,0,12-13,20.0
2741999,30217,false,3,6,14-15,16.0
2245683,30217,true,4,5,12-13,6.0
1992521,30352,true,3,5,0-1,25.0
862868,30352,false,4,5,14-15,14.0
825591,30511,true,39,1,8-9,17.0
1933351,30511,true,40,5,12-13,25.0
172926,30973,true,25,1,12-13,14.0
2256171,30973,true,26,1,10-11,14.0
3084798,31163,true,2,6,14-15,30.0
3072422,31163,false,3,0,10-11,30.0
70009,31202,false,4,5,8-9,11.0
615543,31202,true,5,4,14-15,30.0
1552929,31460,false,4,2,10-11,22.0
179033,31460,true,5,4,12-13,23.0
501708,31537,false,5,5,14-15,30.0
2080620,31537,true,6,5,8-9,30.0
502390,31556,true,11,1,8-9,14.0
861977,31556,true,12,3,6-7,23.0
1923752,31704,false,16,3,14-15,21.0
2869297,31704,true,17,5,10-11,30.0
741846,31870,false,7,1,8-9,19.0
376896,31870,true,8,4,14-15,30.0
482946,32300,true,40,1,16-17,7.0
1516461,32300,true,41,1,14-15,7.0
3158261,32403,false,13,1,12-13,8.0
1185904,32403,true,14,0,12-13,13.0
2335949,32522,false,17,1,10-11,10.0
266206,32522,true,18,3,10-11,9.0
2654918,32872,true,45,3,8-9,7.0
1394474,32872,true,46,1,8-9,12.0
1459174,32893,false,16,5,12-13,2.0
621125,32893,true,17,0,12-13,2.0
96062,33306,false,10,6,12-13,25.0
1238958,33306,true,11,0,10-11,29.0
2814550,33506,true,58,1,12-13,30.0
749553,33506,true,59,0,8-9,6.0
2826842,33842,true,54,3,10-11,5.0
19794,33842,true,55,5,14-15,2.0
3091889,34074,true,5,2,10-11,30.0
1780525,34074,true,6,3,10-11,30.0
2687825,34116,true,2,2,8-9,10.0
588816,34116,true,3,1,12-13,6.0
333394,34163,true,3,3,12-13,15.0
3269446,34163,false,4,4,12-13,15.0
1130754,34177,false,9,4,14-15,10.0
2432173,34177,true,10,6,18-19,2.0
908009,34215,true,37,2,8-9,1.0
1903548,34215,false,38,0,14-15,12.0
3345813,34229,true,25,4,14-15,6.0
1177696,34229,true,26,4,8-9,7.0
1428388,34568,true,15,2,14-15,5.0
3181531,34568,false,16,2,10-11,28.0
1484875,34657,true,3,4,8-9,14.0
2570892,34657,false,4,3,12-13,13.0
1269885,34829,true,7,6,14-15,30.0
112236,34829,false,8,4,18-19,26.0
727825,34865,true,2,1,18-19,14.0
3392771,34865,false,3,1,10-11,28.0
190138,34992,true,3,4,8-9,30.0
813031,34992,false,4,2,10-11,30.0
3200253,35186,true,6,2,14-15,12.0
260617,35186,false,7,2,14-15,14.0
3252422,35209,false,2,2,10-11,10.0
3007813,35209,true,3,3,16-17,30.0
969614,35290,false,7,2,16-17,7.0
3042506,35290,true,8,3,14-15,30.0
2661337,35379,true,11,2,16-17,30.0
248744,35379,false,12,1,12-13,27.0
3397396,35548,false,34,5,6-7,8.0
1973565,35548,true,35,2,14-15,4.0
1655984,35696,false,2,5,12-13,15.0
447817,35696,true,3,2,14-15,11.0
3411091,35742,true,15,0,20-21,6.0
1506291,35742,false,16,0,20-21,7.0
288561,35907,true,10,2,16-17,19.0
1193635,35907,false,11,5,14-15,17.0
3226673,35960,false,17,1,16-17,17.0
2090371,35960,true,18,6,8-9,19.0
2783678,36056,false,4,5,14-15,1.0
1261306,36056,true,5,4,14-15,6.0
3337804,36108,false,3,2,18-19,30.0
985238,36108,true,4,5,10-11,30.0
2188379,36147,true,11,3,8-9,7.0
437757,36147,false,12,1,8-9,19.0
1261331,36151,false,26,1,8-9,0.0
685513,36151,true,27,2,10-11,30.0
2485069,36333,true,5,4,8-9,0.0
3038855,36333,false,6,3,8-9,20.0
932841,36472,true,6,2,10-11,6.0
2613252,36472,false,7,1,12-13,6.0
908222,36602,false,60,3,14-15,2.0
1818214,36602,true,61,1,8-9,5.0
2488552,36860,true,6,2,8-9,30.0
1303844,36860,false,7,4,14-15,30.0
1249196,36908,true,19,1,8-9,12.0
1905516,36908,false,20,3,8-9,16.0
1899211,37489,false,4,5,12-13,13.0
1195178,37489,true,5,5,12-13,7.0
870565,37533,true,32,5,14-15,14.0
1716515,37533,false,33,5,16-17,7.0
281753,37613,false,88,3,8-9,2.0
1183051,37613,true,89,0,20-21,4.0
219950,37653,false,5,6,20-21,30.0
3030725,37653,true,6,5,18-19,30.0
2039909,38430,true,8,6,10-11,29.0
2402792,38430,true,9,3,16-17,18.0
2400654,38518,true,8,2,10-11,30.0
1958636,38518,true,9,2,10-11,30.0
1978930,38666,true,8,4,20-21,30.0
1990952,38666,false,9,2,20-21,30.0
1154009,39266,true,62,1,8-9,6.0
641820,39266,true,63,0,10-11,6.0
2640902,39282,true,30,6,6-7,10.0
2159088,39282,false,31,0,8-9,15.0
1559235,39482,false,5,1,10-11,30.0
974903,39482,true,6,0,16-17,30.0
706468,39560,true,11,2,18-19,2.0
3365723,39560,false,12,4,8-9,2.0
561094,39694,false,9,0,12-13,7.0
1048170,39694,true,10,1,14-15,29.0
418222,39830,true,5,4,12-13,13.0
1520643,39830,true,6,1,10-11,11.0
2826608,39857,false,7,5,10-11,0.0
2636249,39857,true,8,2,10-11,30.0
1832908,40242,true,19,6,10-11,13.0
1973387,40242,false,20,6,12-13,21.0
2555492,40298,true,10,2,14-15,12.0
958230,40298,false,11,5,10-11,3.0
1596402,40618,true,16,1,8-9,10.0
865462,40618,true,17,5,8-9,11.0
717700,40991,true,13,3,10-11,22.0
3375367,40991,true,14,2,10-11,20.0
2210173,41226,false,25,1,12-13,13.0
704067,41226,true,26,1,12-13,0.0
3202468,41240,false,28,0,8-9,10.0
2494337,41240,true,29,3,10-11,3.0
2313612,41250,false,13,4,8-9,30.0
3004018,41250,true,14,5,10-11,30.0
3115684,41461,false,6,4,12-13,30.0
1265996,41461,true,7,3,8-9,30.0
898559,41813,true,33,1,10-11,7.0
2204958,41813,false,34,1,8-9,7.0
1010407,42057,true,5,5,12-13,11.0
999334,42057,false,6,0,14-15,23.0
790917,42280,true,15,3,14-15,8.0
1706890,42280,true,16,5,8-9,9.0
3194748,42648,false,9,4,12-13,6.0
2162395,42648,true,10,3,14-15,6.0
3070538,42736,true,29,6,18-19,12.0
2680400,42736,true,30,0,8-9,8.0
2780360,42971,true,98,1,16-17,0.0
1633351,42971,false,99,3,10-11,2.0
307911,42975,false,98,5,16-17,0.0
1980634,42975,true,99,2,12-13,4.0
1300830,43031,true,26,4,10-11,9.0
3384281,43031,false,27,3,16-17,30.0
938305,43509,true,5,6,16-17,30.0
2612659,43509,false,6,6,8-9,21.0
1393714,43651,true,2,0,14-15,7.0
2051253,43651,false,3,0,8-9,30.0
3296343,43723,false,13,1,0-1,7.0
3168616,43723,true,14,4,6-7,17.0
258935,43730,true,33,2,8-9,15.0
1998141,43730,false,34,3,10-11,8.0
668003,43741,true,9,2,10-11,30.0
904546,43741,false,10,2,20-21,14.0
2720656,44250,true,77,1,8-9,7.0
2501002,44250,false,78,0,16-17,6.0
678071,44349,true,2,6,6-7,8.0
2726753,44349,true,3,1,10-11,9.0
2159550,44385,false,3,5,12-13,30.0
2899226,44385,true,4,4,12-13,27.0
738041,44494,true,83,0,16-17,0.0
1685987,44494,false,84,0,12-13,7.0
1218605,45073,false,5,4,6-7,30.0
633360,45073,true,6,0,16-17,30.0
2557024,45265,true,4,5,10-11,18.0
3389650,45265,false,5,5,14-15,30.0
2719497,45269,true,8,6,16-17,4.0
1386523,45269,true,9,6,14-15,7.0
889287,45288,false,12,1,14-15,30.0
487800,45288,true,13,6,18-19,5.0
2915339,45492,true,50,1,10-11,7.0
1411166,45492,true,51,1,10-11,7.0
1130560,45755,false,52,3,14-15,1.0
927701,45755,true,53,4,6-7,1.0
2689877,46143,true,11,1,12-13,19.0
233639,46143,true,12,1,10-11,14.0
3045674,46305,false,6,2,8-9,30.0
12784,46305,true,7,3,18-19,22.0
1491673,46636,false,13,5,12-13,4.0
245474,46636,true,14,3,12-13,12.0
1736079,46774,true,9,0,8-9,25.0
560329,46774,true,10,2,18-19,30.0
706937,46912,true,7,0,6-7,7.0
761746,46912,false,8,0,14-15,30.0
1921363,46990,false,9,6,10-11,20.0
198667,46990,true,10,4,16-17,30.0
301116,47188,true,13,1,8-9,7.0
3318792,47188,false,14,1,10-11,7.0
2127123,47250,true,9,2,10-11,15.0
1381743,47250,false,10,2,10-11,21.0
1591117,47868,true,7,2,8-9,30.0
1910679,47868,true,8,3,8-9,15.0
1356018,47881,true,3,1,10-11,26.0
1943168,47881,false,4,2,10-11,22.0
489600,47919,true,30,5,10-11,7.0
1442925,47919,true,31,5,10-11,7.0
3201987,48079,true,8,3,12-13,10.0
224231,48079,false,9,6,12-13,10.0
3267324,48228,true,7,3,8-9,30.0
2703029,48228,false,8,1,14-15,30.0
1212405,48593,true,3,6,22-23,13.0
2859789,48593,true,4,5,16-17,30.0
965331,48739,true,39,1,14-15,6.0
2000532,48739,true,40,4,14-15,10.0
1226751,48895,true,27,2,8-9,7.0
1556447,48895,false,28,2,8-9,0.0
1564811,49091,false,42,1,8-9,5.0
3028193,49091,true,43,5,16-17,4.0
1461994,49197,false,18,3,18-19,20.0
3315405,49197,true,19,2,10-11,20.0
1701890,49266,false,14,2,10-11,26.0
2414013,49266,true,15,2,14-15,7.0
185267,49380,false,3,2,6-7,30.0
2022146,49380,true,4,1,14-15,30.0
600038,49393,true,14,1,8-9,10.0
44613,49393,true,15,2,14-15,15.0
774191,49462,false,4,2,18-19,5.0
888028,49462,true,5,1,12-13,13.0
1501547,49545,true,65,2,6-7,9.0
69469,49545,true,66,6,16-17,4.0
2451587,49610,false,26,2,10-11,7.0
1748699,49610,true,27,3,10-11,8.0
2499085,49836,true,30,4,14-15,7.0
523675,49836,true,31,1,14-15,11.0
2297112,49885,false,5,4,12-13,30.0
72575,49885,true,6,2,22-23,19.0
2583331,49974,false,4,3,10-11,30.0
2035110,49974,true,5,4,10-11,30.0
3205629,49987,true,8,0,16-17,18.0
2080906,49987,false,9,3,16-17,30.0
2533799,50254,false,8,5,10-11,5.0
2259387,50254,true,9,2,12-13,18.0
1323928,50283,false,5,5,12-13,15.0
1472910,50283,true,6,1,14-15,30.0
1827488,50346,true,31,4,16-17,4.0
3266886,50346,false,32,4,14-15,7.0
3180220,51221,true,8,1,14-15,30.0
1799614,51221,true,9,4,22-23,30.0
1436990,51357,true,3,2,20-21,10.0
1809078,51357,true,4,4,16-17,16.0
3391240,51364,true,19,6,12-13,4.0
2467395,51364,true,20,4,16-17,5.0
559158,51388,true,5,4,14-15,10.0
1288934,51388,false,6,1,10-11,18.0
3116383,51648,false,3,3,12-13,6.0
3213480,51648,true,4,2,10-11,6.0
2273479,51801,true,9,3,16-17,9.0
1342132,51801,false,10,5,20-21,23.0
2365,51979,true,39,1,10-11,7.0
3136028,51979,true,40,1,12-13,7.0
1111124,52163,true,12,1,12-13,21.0
3258366,52163,false,13,5,8-9,11.0
1296219,52272,false,8,5,12-13,30.0
871324,52272,true,9,6,22-23,15.0
2971335,52452,true,4,0,18-19,7.0
2686701,52452,true,5,3,18-19,3.0
314454,52581,false,6,0,16-17,8.0
255657,52581,true,7,2,20-21,9.0
1390559,52674,false,2,0,8-9,30.0
2912654,52674,true,3,0,14-15,30.0
2591357,52681,true,5,2,14-15,15.0
1361650,52681,false,6,0,18-19,12.0
1414361,52700,true,6,4,12-13,30.0
2190341,52700,true,7,4,14-15,30.0
3162339,52750,false,2,4,16-17,2.0
278237,52750,true,3,4,16-17,14.0
1408935,52773,false,5,3,8-9,1.0
2792982,52773,true,6,3,12-13,21.0
2494396,52938,false,16,5,14-15,25.0
916495,52938,true,17,1,12-13,30.0
2059575,53161,false,10,1,8-9,30.0
1639776,53161,true,11,4,10-11,30.0
3261043,53304,false,13,1,12-13,17.0
1926136,53304,true,14,3,10-11,16.0
2192575,53372,false,3,1,8-9,30.0
2468921,53372,true,4,4,14-15,30.0
2562346,53589,false,55,2,10-11,11.0
1764921,53589,true,56,4,6-7,2.0
889727,53778,true,60,1,10-11,3.0
632185,53778,false,61,5,2-3,4.0
1689922,54037,true,34,5,10-11,2.0
1271438,54037,false,35,0,8-9,2.0
2613627,54240,false,5,2,10-11,30.0
1186320,54240,true,6,0,6-7,30.0
1914602,54342,true,31,1,6-7,12.0
1387562,54342,true,32,2,14-15,15.0
2519108,54645,false,11,2,8-9,30.0
1880501,54645,true,12,5,10-11,30.0
2244824,54949,true,4,1,18-19,30.0
2167940,54949,false,5,1,16-17,30.0
2338133,55077,true,7,4,14-15,24.0
2488912,55077,false,8,5,10-11,22.0
849073,55089,true,27,3,10-11,13.0
2607750,55089,true,28,1,10-11,19.0
2916753,55338,true,21,2,12-13,7.0
2365617,55338,false,22,5,12-13,3.0
2920533,55419,true,41,3,8-9,0.0
663093,55419,true,42,3,8-9,7.0
65326,55565,true,5,5,16-17,7.0
3060233,55565,true,6,1,8-9,17.0
2640885,55921,true,5,1,12-13,13.0
1765121,55921,true,6,1,10-11,7.0
609885,55941,true,10,0,0-1,30.0
3121626,55941,true,11,2,18-19,23.0
2503082,56002,true,4,3,10-11,6.0
2041158,56002,false,5,2,14-15,6.0
285344,56030,true,6,2,8-9,12.0
1195953,56030,false,7,2,20-21,7.0
1311354,56149,true,36,0,20-21,14.0
3212752,56149,true,37,2,18-19,2.0
1882972,56295,true,8,3,14-15,21.0
1654847,56295,true,9,3,14-15,30.0
2391314,57121,false,5,2,0-1,20.0
2330975,57121,true,6,3,4-5,8.0
2050536,57831,false,14,2,14-15,13.0
910260,57831,true,15,4,12-13,30.0
2505665,57850,false,17,3,16-17,18.0
1501268,57850,true,18,6,6-7,3.0
221922,57957,false,23,1,14-15,9.0
313115,57957,true,24,5,12-13,11.0
564508,58447,false,16,2,8-9,7.0
805121,58447,true,17,4,8-9,2.0
3262598,58567,false,22,2,12-13,25.0
955148,58567,true,23,5,10-11,30.0
1685914,58694,false,13,1,18-19,14.0
1873959,58694,true,14,5,20-21,18.0
2382272,59436,true,26,1,10-11,14.0
465465,59436,false,27,5,14-15,18.0
2038838,59603,false,9,1,10-11,7.0
834669,59603,true,10,1,10-11,7.0
844207,59667,true,28,1,8-9,7.0
2394676,59667,false,29,5,10-11,4.0
3255288,59977,true,2,0,12-13,28.0
2098921,59977,true,3,0,16-17,14.0
1621110,60071,true,17,6,12-13,30.0
136280,60071,true,18,1,20-21,30.0
3033137,60157,false,6,2,12-13,6.0
160816,60157,true,7,4,12-13,9.0
1232678,60311,true,8,2,12-13,30.0
3117201,60311,true,9,4,14-15,30.0
630247,60394,true,37,1,16-17,14.0
697600,60394,true,38,2,12-13,8.0
2104958,60785,false,18,4,8-9,8.0
2691727,60785,true,19,2,8-9,12.0
695037,60836,true,20,3,0-1,6.0
1962585,60836,false,21,1,10-11,12.0
2557540,61360,false,5,1,14-15,13.0
825242,61360,true,6,5,6-7,18.0
2820236,61370,true,6,2,10-11,30.0
2486073,61370,false,7,5,12-13,30.0
1475328,61533,true,17,1,14-15,7.0
1582739,61533,true,18,3,8-9,9.0
269586,61546,false,7,1,18-19,14.0
2890159,61546,true,8,0,12-13,27.0
1690401,61677,true,6,4,12-13,30.0
156764,61677,true,7,2,16-17,30.0
233618,61849,true,6,1,16-17,19.0
921355,61849,false,7,6,12-13,30.0
627727,61855,false,5,0,14-15,30.0
2139423,61855,true,6,0,16-17,30.0
1487758,61942,true,21,4,18-19,2.0
1136643,61942,false,22,0,6-7,30.0
2893919,62148,true,16,4,8-9,9.0
42267,62148,false,17,2,12-13,5.0
3400929,62151,true,45,1,12-13,6.0
389203,62151,true,46,1,8-9,7.0
877438,62211,true,56,5,14-15,4.0
598687,62211,false,57,0,18-19,9.0
776764,62741,false,2,1,16-17,5.0
1881329,62741,true,3,3,12-13,9.0
2036322,62832,true,21,2,8-9,6.0
384283,62832,true,22,1,14-15,6.0
19353,62987,false,11,5,10-11,9.0
1845505,62987,true,12,2,16-17,4.0
1385423,63252,true,3,2,10-11,30.0
1197710,63252,false,4,2,14-15,7.0
3219826,63454,true,38,3,8-9,9.0
2399834,63454,false,39,4,8-9,8.0
1958417,63749,true,50,1,10-11,7.0
1517051,63749,true,51,1,10-11,7.0
2077293,63786,false,19,1,10-11,7.0
3133642,63786,true,20,2,10-11,8.0
2923039,64057,true,39,1,8-9,7.0
1280468,64057,false,40,1,10-11,7.0
1186572,64159,false,8,2,18-19,30.0
1012137,64159,true,9,2,12-13,30.0
1952674,64171,true,4,1,10-11,30.0
95613,64171,true,5,1,12-13,30.0
2047178,64223,false,29,2,10-11,6.0
472245,64223,true,30,1,16-17,6.0
2535628,64552,false,6,0,16-17,30.0
89295,64552,true,7,0,14-15,21.0
269305,64596,true,22,1,10-11,13.0
382717,64596,false,23,3,14-15,2.0
66854,64912,false,14,1,10-11,21.0
2867240,64912,true,15,3,10-11,16.0
3011261,65056,true,8,3,14-15,30.0
244437,65056,false,9,2,14-15,27.0
1812269,65057,true,5,5,22-23,30.0
2147678,65057,false,6,2,14-15,30.0
1497605,65235,true,8,5,12-13,7.0
1840937,65235,false,9,5,18-19,14.0
3249109,65590,false,10,1,18-19,25.0
2107252,65590,true,11,5,18-19,30.0
719761,66418,false,8,2,12-13,30.0
502078,66418,true,9,5,14-15,30.0
2170968,66517,true,5,3,10-11,30.0
1623338,66517,false,6,5,16-17,30.0
3247323,66540,false,6,3,8-9,13.0
1911755,66540,true,7,2,8-9,13.0
2256297,66566,true,25,1,14-15,12.0
2771927,66566,true,26,3,8-9,2.0
2401578,66674,false,3,5,14-15,17.0
2771415,66674,true,4,1,10-11,17.0
1708193,66693,true,15,6,12-13,7.0
2558613,66693,false,16,6,10-11,7.0
2113329,66714,true,42,2,8-9,5.0
1365033,66714,false,43,4,8-9,2.0
1350873,67075,false,14,4,12-13,10.0
359315,67075,true,15,3,10-11,20.0
87374,67297,true,25,5,12-13,14.0
2635821,67297,true,26,5,18-19,14.0
2825454,67410,true,11,1,10-11,5.0
247411,67410,false,12,3,8-9,30.0
2947622,67558,true,55,5,8-9,9.0
1142024,67558,true,56,3,8-9,5.0
1302510,67859,true,10,5,10-11,4.0
1293350,67859,false,11,4,10-11,20.0
1023695,68267,true,5,5,14-15,12.0
1235545,68267,true,6,0,12-13,30.0
1065948,68348,true,9,2,10-11,17.0
462744,68348,false,10,4,10-11,2.0
403540,68629,true,17,1,14-15,12.0
1253271,68629,false,18,2,10-11,15.0
2881236,68634,true,23,1,8-9,7.0
2716850,68634,true,24,1,8-9,14.0
3241654,68741,false,53,2,12-13,8.0
1776161,68741,true,54,2,14-15,7.0
3350075,69256,false,3,6,12-13,8.0
524032,69256,true,4,0,12-13,8.0
846706,69346,false,4,6,14-15,6.0
2972926,69346,true,5,4,18-19,12.0
2812090,69630,false,13,1,8-9,19.0
1709424,69630,true,14,2,10-11,8.0
1719813,69871,true,46,5,16-17,4.0
2929137,69871,true,47,4,8-9,6.0
1392810,70090,true,12,3,18-19,18.0
610931,70090,false,13,5,18-19,2.0
2237210,70214,true,8,5,10-11,30.0
1111451,70214,false,9,3,16-17,12.0
285883,70376,false,11,3,14-15,14.0
26749,70376,true,12,5,14-15,2.0
1643159,70725,true,13,2,8-9,14.0
613527,70725,false,14,2,8-9,7.0
2074937,70811,false,3,1,14-15,30.0
281154,70811,true,4,1,18-19,30.0
3282252,70961,false,7,1,8-9,7.0
2418998,70961,true,8,1,10-11,7.0
270880,71092,true,19,2,8-9,8.0
3080885,71092,false,20,2,10-11,7.0
2347560,71526,false,67,3,16-17,9.0
1892445,71526,true,68,3,14-15,7.0
2640092,71688,true,8,4,16-17,23.0
2102644,71688,false,9,2,20-21,19.0
979941,71915,true,26,3,8-9,6.0
1427924,71915,true,27,3,16-17,7.0
937461,71953,false,5,4,20-21,30.0
2085120,71953,true,6,3,12-13,30.0
183428,72033,false,5,4,16-17,15.0
2129553,72033,true,6,5,12-13,22.0
2496186,72328,true,11,5,10-11,7.0
2293257,72328,true,12,1,20-21,17.0
746683,72616,true,5,2,18-19,7.0
2005289,72616,false,6,4,16-17,30.0
630213,72746,true,10,5,10-11,29.0
2231850,72746,true,11,4,14-15,27.0
447522,72894,true,4,3,12-13,30.0
2963148,72894,false,5,4,12-13,30.0
182135,72896,true,5,2,8-9,30.0
645557,72896,false,6,2,10-11,30.0
317899,73042,true,98,5,8-9,3.0
1316037,73042,true,99,5,10-11,0.0
2468489,73459,false,34,6,10-11,8.0
3377513,73459,true,35,0,14-15,29.0
3099871,73497,false,2,4,10-11,21.0
2413377,73497,true,3,4,14-15,14.0
2807979,73756,true,54,4,14-15,1.0
3158296,73756,true,55,1,14-15,11.0
650852,73814,false,5,6,18-19,6.0
256378,73814,true,6,3,20-21,30.0
1512078,74407,true,13,2,18-19,5.0
1859434,74407,false,14,0,18-19,19.0
994486,74465,true,8,4,18-19,27.0
1903371,74465,false,9,0,16-17,10.0
2144867,74508,false,10,1,14-15,19.0
1777762,74508,true,11,4,14-15,10.0
221680,74911,true,10,6,20-21,12.0
1574829,74911,false,11,0,12-13,15.0
233817,75125,true,13,1,10-11,14.0
2583587,75125,true,14,1,8-9,21.0
2215993,75171,false,30,1,8-9,6.0
929360,75171,true,31,1,14-15,14.0
1496544,75285,true,2,5,14-15,30.0
2069131,75285,false,3,5,10-11,30.0
2034643,75567,true,17,1,14-15,13.0
1001722,75567,true,18,3,12-13,9.0
2336548,75672,true,4,2,12-13,30.0
3249386,75672,false,5,1,20-21,30.0
1235235,75744,false,25,2,18-19,8.0
2602597,75744,true,26,2,12-13,7.0
2016216,75930,true,3,3,10-11,9.0
1459101,75930,false,4,3,10-11,14.0
1981288,76095,false,7,1,10-11,7.0
1140446,76095,true,8,1,10-11,7.0
2911076,76124,false,12,6,10-11,21.0
2587602,76124,true,13,1,10-11,2.0
37029,76197,false,7,5,12-13,11.0
1800688,76197,true,8,2,10-11,30.0
118435,76334,true,8,3,14-15,30.0
2311364,76334,true,9,2,10-11,30.0
2033656,76660,true,10,4,10-11,30.0
2955432,76660,false,11,4,12-13,28.0
3254013,76696,true,5,1,18-19,30.0
2832649,76696,false,6,6,16-17,30.0
217047,76781,false,11,5,16-17,12.0
1969557,76781,true,12,3,14-15,5.0
1363173,76841,true,8,0,8-9,3.0
159385,76841,false,9,3,18-19,3.0
931839,77098,true,11,6,10-11,21.0
1459955,77098,false,12,2,12-13,10.0
2218530,77419,true,35,5,12-13,7.0
2253426,77419,true,36,1,8-9,10.0
540110,77423,false,3,2,12-13,30.0
3286492,77423,true,4,1,10-11,30.0
111604,77859,true,8,3,8-9,21.0
3033945,77859,true,9,4,14-15,22.0
438718,77867,true,5,4,8-9,30.0
2517947,77867,false,6,4,14-15,21.0
2765648,78216,true,16,4,14-15,28.0
985102,78216,false,17,3,14-15,6.0
787974,78747,false,16,6,12-13,11.0
2730949,78747,true,17,0,10-11,30.0
501597,78810,true,9,3,14-15,2.0
3305094,78810,true,10,4,16-17,1.0
1988360,78970,false,8,6,10-11,7.0
1988093,78970,true,9,0,12-13,29.0
151342,79027,true,10,1,6-7,5.0
2400166,79027,true,11,1,8-9,0.0
459685,79269,true,13,0,16-17,10.0
964479,79269,true,14,2,14-15,9.0
1362662,79546,true,88,1,18-19,5.0
772814,79546,true,89,6,10-11,5.0
1983020,79605,true,40,4,16-17,14.0
1290664,79605,false,41,2,12-13,12.0
261289,79716,true,3,6,16-17,6.0
2920501,79716,false,4,2,18-19,10.0
1545919,79892,true,2,0,16-17,10.0
1323513,79892,false,3,6,14-15,30.0
1302960,79904,true,7,0,10-11,11.0
3025567,79904,true,8,3,12-13,3.0
2130171,80015,true,45,5,10-11,8.0
2860146,80015,true,46,3,14-15,5.0
502491,80068,true,4,6,20-21,30.0
1181548,80068,false,5,6,16-17,30.0
829748,80544,false,6,3,8-9,3.0
3275790,80544,true,7,1,14-15,30.0
2781721,80675,false,5,4,8-9,6.0
1306946,80675,true,6,1,12-13,4.0
1184411,80711,false,5,4,14-15,30.0
2345343,80711,true,6,4,12-13,14.0
3376036,80876,true,84,5,16-17,2.0
2123534,80876,false,85,1,12-13,3.0
1018354,80989,true,40,1,20-21,6.0
296787,80989,false,41,3,8-9,2.0
1697859,81076,true,18,1,10-11,28.0
1583213,81076,false,19,2,10-11,1.0
1957689,81122,true,7,2,14-15,10.0
2803372,81122,true,8,1,16-17,20.0
1385908,81696,false,8,3,18-19,8.0
952070,81696,true,9,3,16-17,28.0
2717859,81850,true,19,4,22-23,7.0
1599129,81850,true,20,5,8-9,8.0
1489160,81993,true,17,6,14-15,30.0
526805,81993,true,18,6,12-13,28.0
1680617,83050,false,4,3,10-11,12.0
2196479,83050,true,5,1,10-11,19.0
542416,83147,false,9,1,14-15,16.0
2264975,83147,true,10,1,12-13,30.0
1511798,83286,true,9,1,10-11,7.0
1860683,83286,true,10,1,10-11,7.0
3261848,83297,true,7,1,16-17,28.0
1400999,83297,false,8,2,8-9,29.0
792432,83302,true,6,1,6-7,7.0
2525432,83302,false,7,1,10-11,14.0
993239,83464,false,2,3,16-17,30.0
311308,83464,true,3,0,14-15,30.0
2867569,84232,false,3,6,18-19,30.0
153033,84232,true,4,0,10-11,30.0
1618211,84686,true,24,2,16-17,9.0
2085591,84686,true,25,3,14-15,22.0
1219829,85101,false,4,1,20-21,12.0
1895852,85101,true,5,3,8-9,30.0
849455,85207,false,6,2,8-9,14.0
28213,85207,true,7,3,10-11,15.0
1812702,85510,true,2,3,12-13,8.0
3202639,85510,true,3,2,14-15,6.0
1322116,85703,true,3,3,10-11,30.0
2779337,85703,false,4,5,14-15,30.0
986864,85926,true,20,2,10-11,15.0
1821501,85926,false,21,0,20-21,26.0
1209573,86219,true,65,0,22-23,7.0
257835,86219,true,66,0,20-21,7.0
2968005,86274,true,27,4,6-7,14.0
1554454,86274,false,28,4,12-13,7.0
1751401,86386,true,12,3,12-13,7.0
2916103,86386,true,13,1,10-11,12.0
138599,86770,true,5,0,10-11,30.0
78953,86770,false,6,1,18-19,30.0
3328577,87298,true,12,1,8-9,14.0
2251297,87298,true,13,1,8-9,30.0
1821051,87299,false,3,2,16-17,30.0
407895,87299,true,4,0,18-19,19.0
362066,87485,false,4,4,18-19,15.0
2647889,87485,true,5,1,14-15,4.0
453795,87565,false,5,1,16-17,30.0
794975,87565,true,6,3,10-11,30.0
2663632,87691,true,3,3,20-21,30.0
2216202,87691,false,4,2,16-17,20.0
2290669,87817,true,10,4,8-9,14.0
636888,87817,true,11,5,16-17,8.0
1363211,87855,false,34,1,8-9,7.0
2758124,87855,true,35,1,10-11,14.0
1842310,88002,true,32,3,16-17,14.0
537325,88002,false,33,0,16-17,11.0
2762452,88199,true,53,5,12-13,7.0
3108388,88199,true,54,0,20-21,9.0
722618,88567,true,6,2,10-11,24.0
1697437,88567,true,7,2,18-19,30.0
2840740,89055,true,5,2,14-15,28.0
1296873,89055,false,6,6,12-13,30.0
2505769,89089,true,11,4,12-13,10.0
523321,89089,false,12,2,10-11,30.0
524254,89380,true,31,2,10-11,8.0
897460,89380,true,32,2,10-11,7.0
3231247,89500,false,7,4,8-9,10.0
2798197,89500,true,8,1,10-11,25.0
3138911,89638,false,19,3,16-17,6.0
1904910,89638,true,20,5,18-19,9.0
2117939,89795,false,15,1,10-11,19.0
2526726,89795,true,16,6,16-17,12.0
504905,90041,true,43,1,10-11,30.0
565103,90041,false,44,4,10-11,3.0
920692,90396,false,35,1,12-13,7.0
76060,90396,true,36,1,12-13,7.0
3341698,91007,false,3,1,18-19,13.0
3213674,91007,true,4,1,20-21,7.0
3074771,91033,true,3,5,14-15,30.0
3117880,91033,false,4,6,18-19,30.0
1605809,91318,true,32,5,10-11,8.0
2337662,91318,false,33,5,14-15,7.0
1401575,91630,true,45,2,8-9,8.0
1089579,91630,true,46,1,14-15,6.0
2384653,92010,true,3,4,12-13,7.0
3106950,92010,false,4,4,10-11,30.0
1059667,92145,true,5,4,8-9,6.0
1468134,92145,false,6,4,8-9,14.0
2176549,92177,true,27,5,12-13,14.0
2096295,92177,false,28,3,12-13,5.0
2699004,92221,false,11,6,18-19,30.0
1544361,92221,true,12,4,20-21,26.0
492490,92235,true,3,4,16-17,7.0
768714,92235,false,4,4,14-15,7.0
2509590,92237,false,6,2,14-15,30.0
2442551,92237,true,7,5,8-9,30.0
2631439,92571,true,5,1,10-11,30.0
2207902,92571,false,6,3,10-11,30.0
3324046,92778,false,14,3,8-9,15.0
1683713,92778,true,15,1,10-11,30.0
2029224,93992,false,17,0,10-11,30.0
268325,93992,true,18,1,12-13,30.0
474927,94031,true,21,4,14-15,4.0
2899302,94031,false,22,4,10-11,7.0
1214825,94450,true,9,3,8-9,9.0
1726324,94450,false,10,4,10-11,8.0
1795472,94472,true,3,0,12-13,15.0
1441631,94472,false,4,6,12-13,13.0
674702,94632,false,18,1,8-9,7.0
645963,94632,true,19,4,12-13,3.0
3160158,94848,false,3,1,22-23,6.0
185737,94848,true,4,3,14-15,30.0
402328,94982,false,8,3,12-13,30.0
1257113,94982,true,9,2,20-21,30.0
988114,95320,true,26,6,4-5,6.0
296215,95320,false,27,5,6-7,6.0
227951,95367,true,8,1,12-13,4.0
1629089,95367,true,9,1,14-15,30.0
1600924,95446,true,5,5,12-13,16.0
2195047,95446,true,6,5,12-13,0.0
1262238,95730,false,9,2,10-11,30.0
2931565,95730,true,10,2,10-11,14.0
1429218,95922,true,8,4,16-17,30.0
383652,95922,true,9,3,18-19,30.0
1635451,96039,true,12,5,12-13,7.0
833979,96039,true,13,5,14-15,7.0
2869267,96160,false,19,2,14-15,24.0
3236579,96160,true,20,4,16-17,30.0
1634522,96447,true,3,4,16-17,4.0
218401,96447,true,4,4,16-17,14.0
2051602,96501,true,17,1,10-11,5.0
2135863,96501,false,18,0,12-13,6.0
3178256,96571,true,8,5,8-9,30.0
3291057,96571,false,9,3,10-11,30.0
2845700,96572,true,17,3,10-11,14.0
3386265,96572,false,18,3,10-11,7.0
2548775,96691,true,8,6,10-11,6.0
379861,96691,false,9,6,8-9,30.0
2930791,96784,true,28,6,18-19,6.0
53147,96784,false,29,6,20-21,7.0
552093,96826,true,32,2,10-11,2.0
1715547,96826,false,33,5,14-15,3.0
2519795,96923,true,48,1,12-13,6.0
2295909,96923,false,49,5,14-15,4.0
911243,96948,false,21,5,6-7,9.0
2204044,96948,true,22,0,6-7,2.0
1407070,97274,true,2,1,10-11,30.0
416329,97274,true,3,1,10-11,30.0
2117639,97290,false,99,1,8-9,2.0
2441503,97290,true,100,1,10-11,0.0
1368142,97375,true,9,1,12-13,27.0
834084,97375,true,10,3,18-19,23.0
2859537,97820,true,48,0,10-11,5.0
619606,97820,false,49,3,14-15,3.0
2572064,97875,true,21,4,12-13,6.0
3075298,97875,false,22,4,12-13,30.0
2404691,98316,true,7,2,12-13,14.0
1395334,98316,false,8,3,10-11,8.0
3178085,98360,true,45,1,10-11,7.0
1399155,98360,true,46,2,10-11,8.0
2805793,98485,true,71,5,8-9,2.0
2754303,98485,true,72,2,8-9,4.0
3062932,98612,true,35,5,6-7,12.0
2649785,98612,false,36,0,10-11,16.0
2642014,98960,false,12,1,14-15,30.0
133093,98960,true,13,1,10-11,30.0
26872,99081,true,32,2,16-17,7.0
1380276,99081,false,33,1,18-19,6.0
190970,99132,true,98,4,12-13,3.0
439488,99132,true,99,1,16-17,4.0
3289551,99239,true,5,1,12-13,9.0
686393,99239,true,6,0,14-15,20.0
3409896,99386,false,11,1,8-9,7.0
2887017,99386,true,12,2,16-17,1.0
3281209,99406,true,6,5,12-13,10.0
3261746,99406,false,7,1,12-13,30.0
847724,99472,false,29,4,10-11,13.0
3206596,99472,true,30,1,8-9,18.0
987692,99508,false,6,3,10-11,30.0
28889,99508,true,7,4,6-7,30.0
3387849,99584,false,4,2,14-15,30.0
321092,99584,true,5,0,14-15,5.0
1916718,99688,true,9,6,6-7,27.0
820087,99688,false,10,0,8-9,22.0
1478728,100135,false,2,4,8-9,30.0
1380078,100135,true,3,4,8-9,30.0
3315113,100416,true,4,4,10-11,30.0
648979,100416,false,5,1,16-17,30.0
765797,100536,false,44,5,14-15,9.0
1646200,100536,true,45,6,12-13,8.0
1644960,100554,true,5,0,10-11,30.0
1230019,100554,true,6,1,14-15,30.0
2907914,100718,true,29,5,14-15,7.0
115501,100718,false,30,3,14-15,5.0
948541,100969,false,98,5,10-11,2.0
1270782,100969,true,99,0,22-23,2.0
2467396,101241,true,15,2,10-11,5.0
2373531,101241,false,16,5,12-13,30.0
1471191,101258,false,10,1,20-21,4.0
55582,101258,true,11,5,2-3,25.0
2113535,101447,true,12,2,18-19,13.0
1232371,101447,false,13,3,14-15,30.0
300808,101614,true,3,4,12-13,30.0
1892682,101614,true,4,1,14-15,25.0
688120,102006,true,3,5,14-15,30.0
252099,102006,false,4,5,14-15,28.0
1217857,102048,true,22,0,16-17,7.0
300588,102048,true,23,1,8-9,8.0
1510240,102066,true,12,1,12-13,30.0
228313,102066,true,13,1,10-11,14.0
2234245,102633,true,36,5,10-11,4.0
297235,102633,false,37,5,16-17,7.0
2776102,103142,true,84,3,10-11,2.0
1375997,103142,false,85,0,12-13,4.0
491300,103187,true,9,1,18-19,30.0
1213880,103187,true,10,3,10-11,30.0
2393287,103248,true,5,1,6-7,13.0
1890743,103248,true,6,3,8-9,23.0
2873504,103374,true,12,5,16-17,23.0
1018458,103374,true,13,3,16-17,19.0
1371561,103606,false,28,0,10-11,19.0
2301176,103606,true,29,3,12-13,10.0
2527364,103624,true,5,1,14-15,30.0
1357416,103624,true,6,4,16-17,30.0
2562425,103700,false,22,2,18-19,15.0
718489,103700,true,23,2,18-19,21.0
292059,103871,false,4,3,10-11,12.0
1077035,103871,true,5,0,16-17,25.0
1676184,103911,false,4,2,16-17,0.0
3345484,103911,true,5,3,16-17,30.0
2721906,103929,false,9,4,8-9,2.0
990180,103929,true,10,2,10-11,12.0
788685,104412,false,13,3,10-11,6.0
334009,104412,true,14,4,12-13,8.0
2775144,104418,false,31,1,8-9,24.0
1369672,104418,true,32,1,6-7,14.0
102732,104422,false,5,1,6-7,30.0
1358795,104422,true,6,1,10-11,30.0
2772361,104478,true,8,0,14-15,11.0
3277579,104478,false,9,0,22-23,30.0
3138514,104503,false,5,3,18-19,17.0
2710392,104503,true,6,1,18-19,30.0
2530212,105027,true,15,3,12-13,21.0
1061050,105027,true,16,3,14-15,21.0
804976,105563,false,4,2,8-9,3.0
403053,105563,true,5,6,8-9,4.0
1081678,105567,true,3,4,14-15,30.0
1861636,105567,false,4,4,12-13,30.0
1826844,105791,false,10,1,8-9,7.0
1734514,105791,true,11,1,8-9,14.0
2133166,105840,false,3,5,18-19,11.0
1846204,105840,true,4,6,14-15,30.0
2056322,106216,true,6,0,16-17,7.0
96157,106216,true,7,0,16-17,0.0
2643693,106225,false,7,2,16-17,30.0
3234372,106225,true,8,3,14-15,30.0
1893370,106314,false,23,4,14-15,15.0
22167,106314,true,24,4,12-13,7.0
779049,106369,false,6,4,16-17,14.0
714401,106369,true,7,2,20-21,30.0
1756497,106472,true,17,5,14-15,3.0
198515,106472,true,18,1,6-7,10.0
1556734,106588,true,34,4,14-15,3.0
1002087,106588,false,35,2,12-13,5.0
2057678,106822,false,7,4,14-15,30.0
3009793,106822,true,8,1,22-23,30.0
1166618,106832,true,10,3,14-15,15.0
1722720,106832,false,11,3,14-15,7.0
1528818,106934,false,23,4,14-15,27.0
2460198,106934,true,24,3,16-17,27.0
747460,106967,true,15,1,10-11,14.0
624147,106967,true,16,4,10-11,10.0
2141541,106977,false,10,6,14-15,25.0
523613,106977,true,11,3,14-15,18.0
1115199,107158,false,24,2,18-19,30.0
610369,107158,true,25,1,10-11,6.0
2330512,107350,true,15,4,14-15,30.0
1342754,107350,false,16,3,18-19,20.0
1866976,107430,true,39,1,8-9,7.0
197069,107430,false,40,3,10-11,2.0
832442,107540,true,4,3,12-13,13.0
1601478,107540,false,5,4,10-11,8.0
1603490,107661,true,14,3,8-9,7.0
1467698,107661,false,15,3,8-9,7.0
1011198,107663,false,3,6,16-17,10.0
985943,107663,true,4,5,14-15,30.0
998204,107767,true,8,1,20-21,1.0
1436726,107767,true,9,5,10-11,4.0
1207177,108212,false,17,0,10-11,28.0
2375675,108212,true,18,5,16-17,5.0
2386849,108321,false,17,2,10-11,8.0
248019,108321,true,18,1,16-17,20.0
2193927,108427,false,2,6,12-13,5.0
944153,108427,true,3,6,20-21,14.0
2382384,108627,true,3,3,12-13,23.0
2909635,108627,false,4,3,12-13,0.0
109427,108985,true,6,1,16-17,30.0
3214954,108985,false,7,0,12-13,20.0
739197,109211,false,28,4,20-21,2.0
481880,109211,true,29,6,10-11,2.0
1531205,109507,true,16,4,14-15,20.0
459555,109507,true,17,2,14-15,12.0
947760,109543,true,5,6,14-15,7.0
2123495,109543,false,6,5,20-21,20.0
1066074,109673,false,27,0,14-15,7.0
3045574,109673,true,28,0,14-15,7.0
1486186,109823,true,13,0,16-17,30.0
2801741,109823,false,14,6,12-13,6.0
435706,109975,true,8,0,14-15,11.0
1020368,109975,false,9,0,14-15,7.0
3409595,110074,true,3,1,14-15,30.0
2014026,110074,true,4,4,10-11,30.0
988514,110373,false,17,4,10-11,8.0
3159804,110373,true,18,2,18-19,30.0
1917259,110489,true,5,2,14-15,7.0
3313445,110489,true,6,5,14-15,24.0
505,110754,false,4,1,16-17,30.0
346374,110754,true,5,3,8-9,30.0
2604880,110771,true,2,6,16-17,30.0
1953680,110771,true,3,4,14-15,5.0
1406064,110827,true,6,3,12-13,7.0
1990605,110827,true,7,2,12-13,6.0
633652,110937,false,7,3,12-13,30.0
2700165,110937,true,8,3,14-15,30.0
1791806,111001,true,5,1,16-17,19.0
654903,111001,false,6,2,16-17,29.0
1175090,111013,true,9,2,10-11,30.0
373692,111013,true,10,1,14-15,20.0
1253118,111472,false,20,1,20-21,15.0
93733,111472,true,21,3,16-17,9.0
1862411,111761,true,22,1,22-23,7.0
3021044,111761,false,23,0,12-13,6.0
960269,113062,true,17,6,16-17,2.0
1866285,113062,false,18,0,18-19,22.0
3046800,113066,false,51,2,6-7,6.0
1222219,113066,true,52,5,14-15,3.0
576306,113900,false,5,3,10-11,29.0
2949256,113900,true,6,3,12-13,14.0
805500,113919,false,5,1,18-19,30.0
541507,113919,true,6,0,16-17,13.0
2406155,113991,true,9,2,16-17,30.0
2268442,113991,true,10,3,8-9,29.0
3262484,114073,true,13,2,10-11,18.0
1524036,114073,true,14,4,12-13,30.0
475425,114218,false,42,3,16-17,14.0
3290726,114218,true,43,1,12-13,5.0
2403533,114340,true,2,5,10-11,30.0
1929423,114340,false,3,5,10-11,21.0
1680205,114399,true,4,2,14-15,30.0
449247,114399,false,5,4,12-13,30.0
2916893,114461,true,51,5,10-11,4.0
2616859,114461,true,52,3,14-15,5.0
156030,114484,true,16,4,12-13,3.0
232155,114484,false,17,1,14-15,18.0
2354101,114495,false,5,2,22-23,30.0
1370537,114495,true,6,0,12-13,30.0
2339594,114566,true,23,3,18-19,2.0
3147724,114566,false,24,5,16-17,2.0
3270026,114572,true,11,1,10-11,0.0
742893,114572,false,12,3,8-9,2.0
141395,114645,false,4,1,18-19,30.0
430448,114645,true,5,5,12-13,30.0
2946744,114830,true,4,3,12-13,30.0
589213,114830,false,5,5,16-17,9.0
2537647,115208,true,18,6,12-13,10.0
3389007,115208,true,19,6,18-19,21.0
2552309,115322,true,3,4,6-7,28.0
770347,115322,false,4,5,10-11,30.0
494630,115420,true,2,4,22-23,0.0
3266796,115420,true,3,4,22-23,0.0
1437551,115542,true,3,5,12-13,30.0
195072,115542,false,4,5,16-17,30.0
3035926,115549,true,39,1,14-15,4.0
44885,115549,true,40,0,12-13,6.0
3226334,115835,false,11,5,16-17,30.0
291305,115835,true,12,4,16-17,30.0
33211,115983,true,7,1,16-17,8.0
809754,115983,false,8,3,16-17,30.0
2851587,116037,true,4,3,20-21,30.0
2276174,116037,false,5,5,8-9,30.0
779221,116247,true,3,1,8-9,13.0
1698976,116247,false,4,4,14-15,10.0
129201,116536,true,27,2,10-11,0.0
3378924,116536,false,28,5,8-9,10.0
2425885,116596,true,6,1,18-19,14.0
377291,116596,false,7,4,20-21,10.0
498915,116796,true,12,3,18-19,30.0
1815985,116796,true,13,1,16-17,26.0
1631327,116920,true,17,1,10-11,20.0
1833285,116920,true,18,3,12-13,16.0
3117524,116939,true,14,4,14-15,9.0
2861902,116939,false,15,3,12-13,20.0
1233663,117086,true,75,2,10-11,11.0
1840343,117086,false,76,2,10-11,7.0
1643377,117724,true,4,5,10-11,30.0
2020269,117724,false,5,2,10-11,18.0
585099,118032,false,5,5,20-21,5.0
3251076,118032,true,6,1,8-9,24.0
1027587,118505,true,54,3,12-13,5.0
1322182,118505,true,55,2,10-11,6.0
1435582,118538,false,11,3,12-13,19.0
1257522,118538,true,12,3,10-11,14.0
2763631,118650,true,18,4,14-15,30.0
3108540,118650,true,19,1,12-13,18.0
2727829,118798,false,2,5,18-19,15.0
1475425,118798,true,3,1,14-15,30.0
1932456,118846,true,6,6,22-23,30.0
1345016,118846,true,7,6,14-15,14.0
2233139,118969,false,5,4,12-13,20.0
1977133,118969,true,6,4,14-15,30.0
1211847,119180,false,12,1,10-11,30.0
645497,119180,true,13,4,16-17,30.0
2502911,119699,false,4,1,12-13,14.0
1909074,119699,true,5,1,8-9,14.0
1093234,120001,true,18,2,10-11,8.0
1696995,120001,false,19,5,10-11,30.0
369690,120020,true,9,3,16-17,22.0
343187,120020,false,10,3,6-7,21.0
3248465,120247,true,6,4,16-17,29.0
926786,120247,false,7,2,16-17,30.0
2159137,120441,true,63,5,10-11,1.0
1445094,120441,false,64,4,8-9,6.0
1930149,120823,true,4,2,10-11,20.0
2450466,120823,false,5,4,8-9,16.0
1570815,120945,true,50,4,10-11,3.0
1560206,120945,false,51,1,8-9,11.0
3303802,121365,true,10,5,14-15,1.0
1084571,121365,true,11,0,12-13,2.0
500695,121373,true,10,0,18-19,18.0
2226228,121373,false,11,0,18-19,30.0
3271881,121633,true,17,5,10-11,17.0
426307,121633,false,18,3,8-9,26.0
383333,121653,true,27,4,10-11,10.0
1434842,121653,false,28,4,14-15,7.0
1583907,121792,true,6,3,14-15,20.0
2914385,121792,true,7,6,10-11,30.0
31907,122189,false,2,5,12-13,7.0
1599515,122189,true,3,0,14-15,9.0
2349047,122489,true,6,3,8-9,29.0
314886,122489,true,7,2,8-9,30.0
2548432,122551,false,5,1,20-21,6.0
113303,122551,true,6,4,20-21,3.0
2989981,123213,true,3,5,18-19,30.0
575461,123213,false,4,5,18-19,30.0
1219001,123283,false,2,0,16-17,8.0
1947649,123283,true,3,6,8-9,13.0
2442485,123772,false,3,5,18-19,14.0
3348414,123772,true,4,4,22-23,27.0
477613,124086,false,3,2,22-23,12.0
1789804,124086,true,4,3,10-11,30.0
720720,124253,true,30,3,18-19,30.0
135779,124253,false,31,2,20-21,6.0
1542584,124322,true,6,4,10-11,23.0
2406456,124322,true,7,1,12-13,11.0
2111621,124390,true,7,2,8-9,7.0
2135167,124390,true,8,2,10-11,7.0
199681,124773,true,21,5,14-15,7.0
2908881,124773,false,22,5,12-13,7.0
3419135,124934,true,4,1,16-17,24.0
2398904,124934,true,5,6,16-17,30.0
2680259,125035,true,2,1,14-15,30.0
2652120,125035,false,3,1,10-11,21.0
1006232,125201,true,9,5,18-19,30.0
144294,125201,true,10,4,18-19,20.0
2910040,125376,true,31,5,12-13,8.0
2482481,125376,false,32,1,14-15,3.0
607694,126068,true,6,1,8-9,22.0
3382322,126068,false,7,1,10-11,14.0
246254,126131,false,8,4,18-19,30.0
627298,126131,true,9,1,20-21,11.0
2131674,126236,false,28,0,12-13,7.0
205647,126236,true,29,0,16-17,21.0
1812800,126421,false,3,0,10-11,30.0
2957303,126421,true,4,1,10-11,1.0
2239965,126612,true,4,1,10-11,30.0
3250628,126612,false,5,3,14-15,30.0
580994,126646,false,5,0,22-23,20.0
3131157,126646,true,6,0,18-19,30.0
3184265,126866,false,8,0,10-11,30.0
4633,126866,true,9,6,18-19,30.0
2671659,126902,true,3,0,10-11,8.0
1558468,126902,false,4,5,10-11,26.0
876709,126962,true,10,3,18-19,18.0
532944,126962,false,11,2,10-11,13.0
3328446,127119,false,2,0,18-19,30.0
1713600,127119,true,3,6,16-17,30.0
1380383,127183,true,3,0,22-23,3.0
210154,127183,false,4,5,8-9,30.0
2252684,127265,true,14,1,10-11,30.0
2945375,127265,true,15,1,6-7,14.0
1976433,127585,true,7,1,8-9,8.0
422755,127585,true,8,1,8-9,21.0
1773609,127856,true,34,4,10-11,3.0
1284244,127856,false,35,1,12-13,4.0
1007766,128097,true,4,3,14-15,22.0
1604396,128097,true,5,2,8-9,27.0
697140,128192,false,25,3,10-11,22.0
3296844,128192,true,26,1,22-23,12.0
3383147,128377,false,14,6,10-11,28.0
752981,128377,true,15,1,18-19,9.0
1679090,128700,false,8,6,18-19,13.0
151579,128700,true,9,3,14-15,11.0
2750251,128817,false,8,2,14-15,24.0
2811545,128817,true,9,4,14-15,16.0
3137727,128976,true,14,3,22-23,9.0
1203455,128976,false,15,2,8-9,13.0
783106,129119,false,17,1,0-1,8.0
647462,129119,true,18,2,18-19,22.0
2497574,129429,true,97,2,8-9,7.0
1141085,129429,false,98,4,10-11,2.0
2351947,129525,false,9,3,16-17,30.0
2745277,129525,true,10,5,16-17,16.0
313596,129808,false,4,1,22-23,30.0
3159787,129808,true,5,3,22-23,30.0
43214,129930,false,47,5,14-15,7.0
2896593,129930,true,48,5,16-17,7.0
107490,129954,false,2,2,14-15,30.0
2670544,129954,true,3,0,16-17,30.0
1396627,130011,true,2,3,12-13,7.0
2232512,130011,false,3,1,16-17,12.0
3046581,130137,true,9,3,18-19,5.0
2803718,130137,false,10,2,16-17,6.0
261333,130140,true,3,0,10-11,7.0
2406407,130140,false,4,0,8-9,7.0
398100,130166,true,3,3,14-15,30.0
3072046,130166,true,4,6,14-15,30.0
1725402,130251,false,7,0,10-11,14.0
2284108,130251,true,8,5,10-11,5.0
524015,130269,false,6,5,20-21,30.0
3383731,130269,true,7,3,22-23,30.0
1476619,130472,false,16,2,8-9,5.0
1141316,130472,true,17,1,12-13,27.0
2419412,130680,true,25,5,10-11,19.0
443301,130680,false,26,1,12-13,17.0
1104825,131074,false,18,3,12-13,30.0
494409,131074,true,19,3,12-13,14.0
2051923,131171,false,14,0,18-19,22.0
2352323,131171,true,15,0,18-19,30.0
167479,131175,false,10,4,12-13,16.0
139829,131175,true,11,1,16-17,4.0
528044,131474,false,13,4,8-9,9.0
1616846,131474,true,14,2,10-11,30.0
2708519,131704,true,3,3,10-11,30.0
1922245,131704,true,4,4,14-15,30.0
2542950,132256,true,5,6,8-9,30.0
2824481,132256,true,6,1,14-15,30.0
3207465,132321,true,3,2,8-9,30.0
26768,132321,false,4,3,10-11,30.0
611825,132537,true,10,5,16-17,7.0
2398525,132537,true,11,0,22-23,9.0
1800214,132729,true,18,5,10-11,30.0
876806,132729,false,19,4,12-13,30.0
1800365,132806,false,20,4,6-7,6.0
353862,132806,true,21,5,10-11,8.0
2859599,132843,true,15,5,16-17,30.0
998521,132843,false,16,6,18-19,30.0
1802003,132949,true,4,1,20-21,30.0
2134503,132949,false,5,4,16-17,30.0
3058783,133288,true,12,1,14-15,3.0
3351951,133288,false,13,4,12-13,3.0
3389088,133316,true,35,3,8-9,4.0
2406186,133316,false,36,0,8-9,4.0
694182,133385,true,27,2,22-23,12.0
394872,133385,false,28,5,8-9,3.0
2124825,133851,true,23,2,14-15,14.0
1964314,133851,false,24,2,14-15,14.0
773768,133880,true,11,1,10-11,30.0
62207,133880,true,12,5,14-15,25.0
3398521,134113,true,5,3,10-11,14.0
3307462,134113,true,6,3,10-11,30.0
287189,134134,false,10,1,8-9,24.0
2799979,134134,true,11,2,8-9,30.0
2737248,134278,true,13,4,18-19,21.0
1376208,134278,false,14,6,14-15,30.0
279589,134393,false,10,6,16-17,2.0
204796,134393,true,11,0,10-11,8.0
336471,134611,true,25,5,10-11,21.0
3026169,134611,true,26,0,8-9,2.0
2119836,134631,false,9,0,10-11,21.0
1010093,134631,true,10,6,10-11,13.0
3328253,134750,false,22,3,6-7,3.0
50064,134750,true,23,3,6-7,14.0
2552022,134893,false,52,1,8-9,7.0
371852,134893,true,53,1,8-9,7.0
422775,135384,true,50,0,12-13,9.0
2658517,135384,false,51,5,14-15,5.0
855057,135456,false,53,4,16-17,1.0
2765788,135456,true,54,2,16-17,12.0
2791920,135461,true,16,1,8-9,30.0
2111827,135461,true,17,1,8-9,7.0
433075,135693,false,25,3,8-9,9.0
3378160,135693,true,26,1,10-11,12.0
950317,136108,true,4,2,10-11,30.0
467965,136108,true,5,1,8-9,30.0
627685,136139,false,6,5,12-13,30.0
2939649,136139,true,7,3,14-15,30.0
2910658,136279,true,24,4,12-13,5.0
2027565,136279,true,25,6,10-11,9.0
1507509,136311,true,12,0,8-9,5.0
1977747,136311,false,13,3,14-15,17.0
1945282,136331,false,11,4,10-11,23.0
3232439,136331,true,12,3,12-13,27.0
2842835,136357,true,53,1,12-13,20.0
2407285,136357,false,54,3,8-9,9.0
266710,136384,false,4,3,18-19,9.0
2461809,136384,true,5,1,16-17,19.0
2183053,136482,false,16,2,12-13,6.0
1664652,136482,true,17,1,14-15,6.0
430080,136627,false,4,3,10-11,1.0
3076579,136627,true,5,3,10-11,30.0
2085774,136701,false,4,2,18-19,16.0
74585,136701,true,5,3,14-15,30.0
1306393,136769,false,14,2,14-15,21.0
1410083,136769,true,15,5,14-15,3.0
927413,136970,true,18,5,16-17,6.0
1166212,136970,true,19,5,16-17,7.0
2680755,137094,true,19,0,12-13,30.0
19473,137094,false,20,6,14-15,30.0
497993,137426,false,11,1,16-17,19.0
300760,137426,true,12,3,14-15,30.0
1474416,137470,false,8,1,12-13,4.0
1373496,137470,true,9,3,12-13,2.0
1672695,137532,false,19,4,12-13,30.0
91142,137532,true,20,3,10-11,27.0
2032935,137629,true,99,4,14-15,3.0
3130206,137629,false,100,1,10-11,4.0
853038,137647,true,10,4,10-11,14.0
394730,137647,true,11,4,12-13,28.0
801370,138148,true,3,3,12-13,30.0
2229208,138148,false,4,1,10-11,30.0
858262,138838,false,30,4,18-19,2.0
1742208,138838,true,31,3,18-19,6.0
1213171,138860,true,12,2,10-11,15.0
1367016,138860,true,13,5,10-11,10.0
814222,139512,false,4,1,22-23,16.0
206932,139512,true,5,6,10-11,30.0
2637212,139638,false,15,2,12-13,7.0
2756269,139638,true,16,1,16-17,6.0
3323504,139669,false,17,3,18-19,16.0
126789,139669,true,18,2,14-15,20.0
3141656,140014,false,39,1,18-19,4.0
109535,140014,true,40,0,12-13,6.0
2443898,140033,true,17,6,18-19,16.0
649065,140033,true,18,3,18-19,4.0
1959639,140366,false,7,2,14-15,12.0
28117,140366,true,8,6,10-11,18.0
3309072,140725,true,14,3,16-17,2.0
1009578,140725,true,15,6,14-15,17.0
2010870,141109,true,42,0,20-21,13.0
820761,141109,false,43,1,8-9,8.0
2882094,141113,true,7,3,18-19,9.0
3069072,141113,false,8,4,16-17,8.0
1758257,141316,true,22,0,14-15,23.0
2363604,141316,false,23,1,10-11,22.0
3332658,141325,false,36,4,10-11,6.0
631925,141325,true,37,4,12-13,21.0
436650,141680,true,37,1,12-13,12.0
2137453,141680,false,38,3,12-13,9.0
1663510,141947,false,25,1,14-15,7.0
2776461,141947,true,26,1,8-9,7.0
2599523,142049,false,15,2,14-15,9.0
3191415,142049,true,16,5,12-13,17.0
1316739,142180,false,3,2,16-17,5.0
2741730,142180,true,4,6,12-13,4.0
1786434,142511,true,69,6,6-7,2.0
313465,142511,true,70,0,18-19,1.0
3270818,142936,false,98,3,10-11,2.0
1180529,142936,true,99,1,8-9,5.0
1088268,143026,true,7,4,16-17,1.0
1725394,143026,true,8,2,12-13,12.0
3016785,143104,true,2,1,10-11,7.0
865037,143104,true,3,1,10-11,7.0
127667,143142,true,53,1,10-11,7.0
2653061,143142,false,54,4,10-11,3.0
1283600,143153,false,22,3,10-11,2.0
2757307,143153,true,23,4,14-15,8.0
1772515,143216,false,11,5,18-19,9.0
2635382,143216,true,12,6,14-15,22.0
3420781,143242,false,11,5,12-13,20.0
348974,143242,true,12,3,8-9,30.0
2225453,143499,true,8,1,12-13,14.0
835871,143499,false,9,2,8-9,22.0
1894137,143518,true,29,3,10-11,15.0
2808591,143518,true,30,2,14-15,13.0
2612068,143563,true,10,1,16-17,18.0
3410704,143563,false,11,5,10-11,30.0
2192020,143603,true,3,6,8-9,13.0
2395812,143603,true,4,0,8-9,29.0
1548031,143941,true,14,2,10-11,30.0
684011,143941,true,15,1,10-11,13.0
2441204,143957,false,2,1,12-13,13.0
443461,143957,true,3,5,10-11,11.0
2877317,144221,true,5,4,8-9,30.0
2028339,144221,false,6,5,16-17,29.0
3165489,144230,true,20,6,16-17,13.0
1928804,144230,false,21,6,14-15,7.0
2105124,144394,true,24,1,8-9,10.0
487133,144394,false,25,3,10-11,2.0
2588796,144441,true,10,5,8-9,30.0
2699124,144441,false,11,6,12-13,30.0
691708,144495,false,24,6,12-13,13.0
845505,144495,true,25,1,4-5,9.0
2095815,144656,false,3,0,10-11,21.0
1405439,144656,true,4,5,10-11,19.0
1003586,144671,true,4,0,8-9,7.0
1572689,144671,false,5,0,14-15,7.0
1437799,145021,true,20,5,14-15,16.0
1505342,145021,true,21,3,12-13,12.0
1828164,145038,false,2,4,14-15,30.0
1340632,145038,true,3,0,18-19,17.0
854686,145497,true,61,5,10-11,4.0
1767074,145497,true,62,4,8-9,6.0
1508283,145892,true,11,3,10-11,26.0
2368233,145892,true,12,2,14-15,30.0
578268,146003,false,4,1,16-17,14.0
229414,146003,true,5,1,16-17,30.0
511060,146103,true,31,1,10-11,2.0
1694288,146103,false,32,3,8-9,2.0
1252461,146212,true,11,4,8-9,3.0
3098642,146212,true,12,1,6-7,18.0
474454,146525,true,9,0,12-13,15.0
2950940,146525,false,10,0,18-19,7.0
3090736,146626,true,13,1,10-11,12.0
3279911,146626,false,14,2,8-9,8.0
2491489,146650,true,3,2,16-17,22.0
2115815,146650,false,4,1,16-17,27.0
2918738,147013,false,13,0,16-17,6.0
122100,147013,true,14,0,14-15,7.0
1590566,147059,true,16,0,16-17,30.0
1086860,147059,false,17,1,8-9,1.0
2285525,147073,false,4,3,10-11,7.0
2872316,147073,true,5,1,8-9,5.0
739628,147161,false,15,1,8-9,20.0
1265070,147161,true,16,1,10-11,0.0
2673572,147266,true,4,3,10-11,16.0
3305615,147266,true,5,2,10-11,13.0
2918225,147303,true,6,3,12-13,20.0
1873493,147303,true,7,1,8-9,30.0
22593,147955,false,3,1,10-11,30.0
3020026,147955,true,4,1,14-15,30.0
1376599,148100,true,26,1,10-11,14.0
2974527,148100,true,27,1,10-11,7.0
2928204,148191,true,4,5,16-17,30.0
2119883,148191,true,5,0,8-9,23.0
1165974,148339,false,17,1,8-9,14.0
380326,148339,true,18,0,20-21,20.0
1546720,148363,true,11,6,16-17,14.0
3096389,148363,false,12,3,14-15,4.0
1278196,148428,true,4,2,10-11,30.0
2451098,148428,false,5,0,20-21,30.0
584261,148501,true,7,0,8-9,30.0
608281,148501,false,8,6,8-9,20.0
1790744,148698,true,48,2,12-13,0.0
945550,148698,false,49,1,12-13,6.0
312589,148727,false,6,2,12-13,14.0
2967284,148727,true,7,1,12-13,13.0
557974,148843,false,3,3,18-19,30.0
3288366,148843,true,4,6,18-19,30.0
3169032,148925,true,4,5,12-13,8.0
387109,148925,false,5,4,20-21,13.0
1263560,149003,true,7,2,16-17,30.0
1011781,149003,true,8,2,18-19,30.0
2902575,149014,true,33,5,12-13,14.0
2465228,149014,true,34,3,10-11,30.0
2741518,149413,true,9,6,12-13,13.0
2967009,149413,true,10,2,14-15,10.0
2379323,149518,false,5,5,8-9,11.0
2197431,149518,true,6,4,12-13,30.0
1809304,149863,true,45,1,8-9,7.0
2846482,149863,false,46,2,12-13,30.0
3199873,150044,true,13,4,20-21,20.0
665263,150044,false,14,0,12-13,30.0
313329,150094,true,37,1,10-11,6.0
1635415,150094,false,38,1,10-11,7.0
1242271,150240,true,3,2,12-13,30.0
3411618,150240,false,4,4,14-15,30.0
2198106,150327,true,5,1,16-17,30.0
2687382,150327,false,6,3,16-17,30.0
780393,150618,true,2,4,12-13,10.0
414672,150618,false,3,5,8-9,1.0
232263,150724,false,5,1,14-15,30.0
1218403,150724,true,6,0,12-13,30.0
1234269,151282,true,22,4,8-9,7.0
1538068,151282,true,23,1,8-9,11.0
3128467,151718,false,6,2,8-9,30.0
461614,151718,true,7,4,12-13,30.0
1058118,151933,false,4,0,14-15,20.0
394230,151933,true,5,6,10-11,20.0
82387,151992,true,36,3,8-9,15.0
2491578,151992,false,37,2,8-9,6.0
3196979,152192,true,5,3,6-7,30.0
2679593,152192,true,6,5,18-19,16.0
493567,152204,false,8,3,16-17,30.0
2795242,152204,true,9,0,18-19,30.0
3134350,152406,false,39,5,20-21,2.0
1702646,152406,true,40,5,10-11,7.0
1669497,152505,false,3,0,12-13,7.0
317273,152505,true,4,1,14-15,8.0
11585,152665,false,13,4,12-13,30.0
2649909,152665,true,14,0,12-13,30.0
1498073,152762,false,32,1,10-11,6.0
3393288,152762,true,33,2,12-13,8.0
1354796,152806,false,24,1,16-17,0.0
2658123,152806,true,25,3,10-11,16.0
1398018,152989,true,3,3,18-19,13.0
703777,152989,false,4,3,16-17,7.0
1133929,153171,true,5,2,12-13,30.0
2523320,153171,false,6,1,10-11,27.0
186035,153194,false,5,4,10-11,2.0
159994,153194,true,6,5,10-11,1.0
1953704,153248,true,7,1,20-21,0.0
352326,153248,false,8,1,16-17,7.0
2786260,153347,false,15,4,18-19,0.0
1671786,153347,true,16,4,20-21,7.0
1488743,153401,true,2,1,14-15,20.0
2379777,153401,true,3,1,16-17,21.0
683278,153894,true,7,1,10-11,25.0
2586927,153894,true,8,1,14-15,30.0
2662113,154034,true,8,1,16-17,30.0
284758,154034,true,9,5,12-13,4.0
320588,154554,true,6,5,8-9,14.0
3254170,154554,false,7,0,10-11,30.0
1852645,155260,false,6,1,10-11,30.0
1464564,155260,true,7,6,16-17,19.0
645071,155484,true,15,1,14-15,7.0
1206144,155484,true,16,1,10-11,7.0
1918223,155494,false,21,3,14-15,6.0
342102,155494,true,22,3,10-11,30.0
1494372,155608,true,40,2,8-9,14.0
403899,155608,false,41,2,8-9,14.0
2018793,156206,true,21,3,14-15,8.0
518216,156206,false,22,0,16-17,11.0
2455997,156414,false,3,6,18-19,5.0
2402520,156414,true,4,6,18-19,0.0
865084,156746,false,5,6,14-15,30.0
1513379,156746,true,6,3,8-9,30.0
2421523,157193,true,4,4,12-13,1.0
232956,157193,false,5,4,14-15,7.0
1048814,157311,true,3,2,12-13,13.0
2762401,157311,false,4,1,10-11,30.0
2804043,157445,true,18,2,8-9,14.0
1869570,157445,true,19,1,8-9,13.0
820929,157475,true,4,1,12-13,2.0
274953,157475,false,5,4,10-11,30.0
1087655,157602,true,3,3,8-9,22.0
2314578,157602,true,4,2,10-11,30.0
2877713,157623,true,70,3,8-9,7.0
2605843,157623,true,71,3,12-13,7.0
958475,157800,false,32,0,20-21,22.0
3016627,157800,true,33,5,16-17,12.0
3196461,157915,true,28,4,12-13,16.0
3235707,157915,true,29,3,10-11,27.0
2313738,157933,true,28,1,12-13,10.0
2694729,157933,false,29,4,14-15,3.0
3185481,158108,false,6,4,16-17,2.0
1614199,158108,true,7,1,14-15,18.0
5674,158328,false,7,2,20-21,25.0
2248112,158328,true,8,1,14-15,27.0
2991463,158734,true,27,3,10-11,12.0
3277689,158734,false,28,3,10-11,21.0
965304,159454,false,5,2,10-11,20.0
1996119,159454,true,6,2,14-15,7.0
2244150,159714,false,14,0,14-15,21.0
858265,159714,true,15,6,12-13,30.0
1538212,159880,true,22,2,8-9,30.0
2147771,159880,false,23,2,6-7,21.0
347436,160124,true,12,1,8-9,15.0
1218457,160124,true,13,0,12-13,20.0
272626,160191,true,23,3,16-17,15.0
1818444,160191,false,24,4,16-17,8.0
3170813,160701,true,14,0,10-11,7.0
2663247,160701,true,15,0,14-15,14.0
2241661,160727,true,39,3,14-15,2.0
2666310,160727,false,40,1,10-11,5.0
75183,160760,false,7,1,14-15,13.0
1363290,160760,true,8,6,16-17,12.0
2769582,160919,true,20,1,18-19,30.0
3180651,160919,false,21,3,18-19,30.0
3193662,161198,false,7,0,16-17,30.0
1079793,161198,true,8,0,12-13,30.0
250697,161214,false,19,1,12-13,25.0
2672162,161214,true,20,1,12-13,14.0
2774921,161257,true,3,1,12-13,30.0
3044713,161257,true,4,4,14-15,24.0
2302790,161380,true,26,6,22-23,10.0
537728,161380,true,27,5,20-21,13.0
247586,161394,true,15,4,8-9,1.0
479461,161394,false,16,1,14-15,11.0
752632,161418,true,4,1,12-13,27.0
1894782,161418,true,5,3,10-11,9.0
1926031,161574,true,6,0,8-9,30.0
1297128,161574,false,7,5,10-11,30.0
1383167,162007,true,30,6,10-11,6.0
3410445,162007,true,31,0,10-11,8.0
2945556,162192,true,23,1,10-11,14.0
413416,162192,true,24,1,10-11,14.0
1843218,162254,true,15,2,14-15,25.0
1641515,162254,false,16,1,16-17,20.0
607177,162676,true,5,0,22-23,30.0
1664235,162676,false,6,3,20-21,10.0
3410901,162717,true,6,3,8-9,22.0
2645631,162717,true,7,5,16-17,23.0
1485736,163119,false,7,1,12-13,30.0
605357,163119,true,8,1,10-11,30.0
1073270,163150,false,5,3,22-23,6.0
634891,163150,true,6,5,0-1,9.0
834838,163213,false,18,6,12-13,30.0
2625509,163213,true,19,5,14-15,13.0
3319729,163413,true,14,1,12-13,20.0
1681577,163413,false,15,3,14-15,2.0
1930453,163541,false,3,3,14-15,30.0
2690504,163541,true,4,4,10-11,30.0
2900510,163585,false,4,0,10-11,10.0
621276,163585,true,5,6,22-23,6.0
3376143,164203,false,25,2,10-11,12.0
768268,164203,true,26,1,12-13,20.0
1624884,164521,true,32,4,14-15,7.0
1751336,164521,false,33,4,10-11,14.0
2769238,164664,false,3,3,8-9,7.0
2389637,164664,true,4,2,16-17,6.0
1232065,164959,false,7,1,18-19,27.0
2507338,164959,true,8,2,10-11,30.0
1642047,165044,true,3,0,16-17,7.0
3191094,165044,false,4,0,10-11,14.0
329330,165399,true,35,0,14-15,5.0
1701178,165399,false,36,4,18-19,4.0
2155537,165652,false,3,6,0-1,30.0
632221,165652,true,4,3,6-7,30.0
2321388,165968,true,6,2,14-15,30.0
2184022,165968,false,7,3,16-17,8.0
3406218,166109,true,9,1,14-15,7.0
749027,166109,true,10,1,12-13,30.0
993730,166147,true,4,5,14-15,30.0
3160547,166147,false,5,0,12-13,30.0
1942728,166183,true,36,4,10-11,6.0
2284254,166183,false,37,6,8-9,2.0
321271,166373,false,11,3,8-9,30.0
705679,166373,true,12,1,14-15,12.0
222301,166463,true,4,2,12-13,7.0
113362,166463,true,5,2,12-13,7.0
316177,166573,true,5,2,8-9,8.0
1103667,166573,true,6,1,8-9,6.0
2421649,166601,true,8,1,8-9,7.0
798122,166601,true,9,1,8-9,7.0
2884123,167480,true,7,1,12-13,15.0
2191445,167480,true,8,2,10-11,30.0
712927,167593,true,5,6,12-13,30.0
713455,167593,false,6,1,14-15,30.0
3371150,167845,true,9,2,12-13,13.0
2329321,167845,false,10,3,14-15,15.0
3237796,168452,true,18,1,10-11,10.0
2184719,168452,false,19,6,16-17,5.0
2362043,168479,true,27,2,14-15,14.0
1341214,168479,true,28,4,10-11,9.0
2893288,168815,false,44,3,8-9,0.0
2472645,168815,true,45,3,8-9,0.0
86810,169052,false,3,5,10-11,30.0
2266501,169052,true,4,1,22-23,3.0
1648985,169375,true,14,4,18-19,7.0
2878912,169375,false,15,6,4-5,2.0
374730,169605,true,7,2,12-13,25.0
2942283,169605,false,8,0,8-9,30.0
1011166,169635,false,20,3,10-11,1.0
427558,169635,true,21,4,10-11,8.0
1029516,169918,true,5,2,10-11,30.0
1894801,169918,true,6,1,8-9,6.0
1832699,170290,false,11,2,8-9,29.0
2702495,170290,true,12,2,12-13,21.0
1691209,170901,false,5,2,16-17,17.0
3151743,170901,true,6,4,16-17,2.0
2177816,170924,true,6,1,14-15,18.0
1714471,170924,true,7,1,16-17,7.0
2110822,171433,true,10,3,16-17,9.0
3404328,171433,false,11,5,16-17,9.0
2585088,171563,true,15,3,12-13,14.0
2444744,171563,true,16,5,12-13,16.0
891615,171844,false,65,0,16-17,2.0
135725,171844,true,66,3,18-19,3.0
2711557,171917,false,18,5,8-9,30.0
314164,171917,true,19,0,14-15,9.0
134599,172047,true,4,5,18-19,30.0
1371240,172047,false,5,5,12-13,30.0
1533133,172087,true,16,2,10-11,7.0
1449720,172087,true,17,2,12-13,7.0
3333502,172283,false,6,6,10-11,30.0
3344030,172283,true,7,0,18-19,30.0
2515437,172776,true,29,2,18-19,9.0
2418324,172776,true,30,1,14-15,30.0
1348597,173229,false,3,1,12-13,7.0
814781,173229,true,4,0,8-9,13.0
1194865,173506,false,10,1,10-11,12.0
343849,173506,true,11,1,8-9,14.0
71164,173553,false,29,1,8-9,10.0
2974134,173553,true,30,1,8-9,7.0
2333873,173708,true,42,3,14-15,1.0
248737,173708,false,43,3,14-15,7.0
567671,173863,true,46,3,12-13,2.0
3102047,173863,false,47,1,12-13,5.0
1740225,174467,true,9,0,16-17,30.0
444794,174467,true,10,3,12-13,24.0
2687734,174549,true,45,5,14-15,2.0
721844,174549,false,46,4,12-13,6.0
903491,174750,false,12,6,4-5,8.0
3126003,174750,true,13,4,6-7,19.0
2030997,175029,true,59,4,10-11,7.0
833804,175029,true,60,4,14-15,7.0
1504646,175058,true,6,3,10-11,2.0
1680483,175058,false,7,1,8-9,5.0
691306,175490,true,72,5,12-13,2.0
3194772,175490,true,73,0,18-19,9.0
1704062,175862,true,13,3,16-17,30.0
675039,175862,false,14,3,8-9,30.0
3230453,175872,true,7,1,12-13,9.0
2477566,175872,false,8,0,0-1,20.0
2341883,176401,false,3,3,10-11,30.0
79003,176401,true,4,2,8-9,27.0
1300517,176403,true,13,3,16-17,8.0
456647,176403,false,14,5,16-17,2.0
2327379,177082,false,24,2,10-11,15.0
1518258,177082,true,25,2,10-11,7.0
833773,177186,true,4,0,8-9,30.0
54487,177186,true,5,6,10-11,6.0
3339911,177197,true,22,2,16-17,16.0
937706,177197,true,23,1,12-13,20.0
2416005,178081,true,35,4,10-11,7.0
2767360,178081,true,36,4,12-13,0.0
2839578,178286,true,4,3,16-17,23.0
652422,178286,false,5,0,10-11,30.0
3315154,178355,false,60,3,12-13,6.0
249363,178355,true,61,0,10-11,4.0
1144454,178356,true,6,1,14-15,7.0
2992811,178356,false,7,4,12-13,17.0
1565064,178637,true,10,5,16-17,21.0
3382623,178637,false,11,5,14-15,7.0
545654,178679,true,25,2,10-11,5.0
1335141,178679,false,26,3,14-15,1.0
2094005,178750,true,4,3,20-21,13.0
1176617,178750,true,5,1,16-17,26.0
1323692,178769,true,4,0,16-17,23.0
3184261,178769,false,5,3,16-17,3.0
2326244,178832,true,20,6,12-13,30.0
2099543,178832,true,21,6,10-11,21.0
1992240,178850,true,99,2,10-11,0.0
2399195,178850,false,100,3,10-11,1.0
1317484,178934,false,24,1,10-11,7.0
1957553,178934,true,25,5,14-15,4.0
3224315,179499,false,34,1,10-11,4.0
2004282,179499,true,35,2,16-17,8.0
1399686,179574,true,26,0,12-13,15.0
3274579,179574,true,27,1,16-17,15.0
3403181,180067,false,42,1,12-13,12.0
3049315,180067,true,43,1,16-17,14.0
1854223,180116,true,4,2,8-9,13.0
3002956,180116,true,5,4,10-11,30.0
1737126,180380,true,32,2,0-1,6.0
688989,180380,true,33,1,12-13,6.0
524375,181156,true,7,2,22-23,30.0
307492,181156,false,8,5,0-1,30.0
3293037,181294,true,4,1,18-19,8.0
1054683,181294,false,5,0,14-15,6.0
1266197,181375,false,25,6,16-17,4.0
1473778,181375,true,26,0,8-9,8.0
527319,181412,true,20,2,16-17,12.0
855024,181412,true,21,3,14-15,22.0
2575528,181921,true,12,5,8-9,8.0
2540822,181921,false,13,5,14-15,14.0
2848297,182206,true,42,5,18-19,7.0
1729826,182206,false,43,4,16-17,20.0
154399,182269,true,3,5,10-11,0.0
682161,182269,true,4,5,12-13,30.0
2313957,182467,true,24,2,16-17,15.0
3296974,182467,false,25,1,18-19,6.0
1370885,182572,true,5,6,12-13,7.0
3267237,182572,false,6,0,14-15,8.0
571066,182616,true,35,3,10-11,6.0
1148935,182616,true,36,1,10-11,5.0
1760757,182771,true,3,1,16-17,25.0
1999714,182771,false,4,1,14-15,30.0
1212112,182787,true,45,2,10-11,14.0
1946927,182787,false,46,2,10-11,30.0
1096423,182957,true,8,5,14-15,5.0
2610483,182957,false,9,5,14-15,30.0
2272125,183146,true,52,1,14-15,5.0
2386530,183146,false,53,3,12-13,2.0
1467601,183254,true,11,0,20-21,7.0
390315,183254,false,12,5,20-21,5.0
2046258,183257,true,30,4,16-17,23.0
2405149,183257,false,31,4,16-17,14.0
1775092,183587,false,5,2,20-21,6.0
2211628,183587,true,6,1,16-17,13.0
47114,183670,false,3,2,6-7,2.0
713035,183670,true,4,2,16-17,0.0
3284627,183842,true,9,1,22-23,19.0
1245837,183842,true,10,4,12-13,24.0
978079,184118,false,5,4,12-13,30.0
1145310,184118,true,6,1,12-13,30.0
1097852,184208,true,5,3,14-15,16.0
547459,184208,false,6,2,10-11,6.0
1963774,184220,true,4,3,20-21,17.0
1530571,184220,false,5,0,14-15,30.0
2183209,184500,true,5,0,10-11,19.0
658588,184500,false,6,1,12-13,8.0
2800770,184744,true,71,1,8-9,7.0
1091681,184744,true,72,4,14-15,3.0
269530,184784,false,18,3,12-13,14.0
252669,184784,true,19,3,8-9,28.0
2089158,185182,true,40,5,8-9,3.0
2752124,185182,false,41,1,6-7,3.0
1387553,185183,true,21,4,10-11,15.0
597912,185183,true,22,3,12-13,20.0
1893855,185211,true,8,4,10-11,8.0
505580,185211,true,9,3,12-13,6.0
862357,185672,false,2,2,10-11,30.0
1551064,185672,true,3,1,14-15,13.0
88506,185755,true,8,3,14-15,14.0
2386081,185755,true,9,5,18-19,30.0
1208369,185759,false,25,6,10-11,3.0
2811771,185759,true,26,2,6-7,10.0
1177957,185808,true,2,6,14-15,30.0
2055032,185808,false,3,0,14-15,15.0
23661,185848,true,7,1,18-19,20.0
1877364,185848,true,8,0,8-9,13.0
2158048,185855,true,34,1,12-13,6.0
1387526,185855,false,35,1,14-15,7.0
1031664,185863,false,7,3,8-9,30.0
2243974,185863,true,8,1,10-11,30.0
80307,186238,true,17,1,16-17,19.0
1160970,186238,true,18,1,16-17,28.0
1461028,186958,false,4,3,4-5,30.0
488551,186958,true,5,3,10-11,30.0
2163892,187152,false,59,2,12-13,5.0
1835496,187152,true,60,2,8-9,7.0
710032,187211,true,21,3,16-17,23.0
3404184,187211,false,22,6,18-19,3.0
75839,187433,true,7,0,12-13,30.0
1522469,187433,false,8,1,12-13,22.0
628909,187732,false,6,0,22-23,30.0
2602110,187732,true,7,2,14-15,30.0
1848574,187912,true,20,1,14-15,3.0
2309692,187912,false,21,0,12-13,30.0
851864,188019,true,4,6,14-15,6.0
3351800,188019,true,5,3,18-19,4.0
52006,188318,false,29,5,6-7,30.0
956092,188318,true,30,6,12-13,15.0
1872591,188335,true,19,1,10-11,12.0
990169,188335,false,20,3,14-15,16.0
279522,188343,true,12,2,10-11,28.0
707829,188343,true,13,1,10-11,30.0
2755465,188383,false,14,2,12-13,11.0
1954100,188383,true,15,1,14-15,20.0
2251286,188564,true,9,0,12-13,30.0
1460678,188564,true,10,1,14-15,30.0
2131668,188879,false,35,1,10-11,10.0
3151599,188879,true,36,1,14-15,7.0
1559075,189024,false,99,3,10-11,1.0
2871337,189024,true,100,1,12-13,5.0
2807696,189150,true,15,1,4-5,2.0
2743489,189150,false,16,1,8-9,0.0
521418,189356,false,3,1,16-17,30.0
1811542,189356,true,4,3,10-11,30.0
2366307,189383,true,5,1,10-11,30.0
2255123,189383,true,6,5,10-11,25.0
2335378,189414,true,5,3,8-9,30.0
2475541,189414,false,6,4,6-7,29.0
1308276,189554,true,24,1,6-7,3.0
848815,189554,false,25,2,12-13,30.0
2991935,189621,true,4,4,8-9,30.0
880215,189621,true,5,6,14-15,30.0
359793,189703,true,17,1,8-9,7.0
799884,189703,true,18,1,10-11,7.0
821313,189717,false,9,4,18-19,6.0
2876789,189717,true,10,4,14-15,7.0
945975,189924,false,5,5,16-17,27.0
1986128,189924,true,6,2,10-11,25.0
201931,189998,false,7,1,16-17,30.0
2782816,189998,true,8,4,12-13,17.0
1108044,190133,true,38,1,8-9,3.0
822264,190133,false,39,5,12-13,18.0
3321192,190373,false,11,0,12-13,11.0
27005,190373,true,12,6,12-13,30.0
1004238,190790,true,8,3,10-11,7.0
2133684,190790,false,9,3,10-11,7.0
1346450,191084,true,15,3,14-15,30.0
962667,191084,false,16,1,20-21,30.0
2578940,191329,true,18,6,8-9,7.0
2275548,191329,false,19,4,22-23,19.0
2491326,191410,false,32,1,8-9,6.0
2658899,191410,true,33,1,10-11,7.0
2660329,191415,false,45,1,16-17,7.0
2515838,191415,true,46,1,10-11,7.0
3005238,191871,true,5,5,8-9,26.0
2580034,191871,true,6,2,6-7,30.0
3032448,192547,true,3,6,8-9,30.0
3078861,192547,false,4,0,10-11,30.0
2531784,192669,false,14,6,10-11,30.0
2399691,192669,true,15,4,12-13,30.0
2194190,192714,true,19,1,10-11,9.0
3313893,192714,false,20,3,6-7,9.0
1599569,192817,true,10,1,8-9,7.0
2368261,192817,false,11,1,8-9,7.0
2491286,192888,false,15,6,20-21,8.0
1626100,192888,true,16,6,14-15,7.0
704809,192902,false,12,2,16-17,8.0
2816793,192902,true,13,5,14-15,17.0
975978,192964,false,30,2,10-11,8.0
1489831,192964,true,31,4,16-17,9.0
2680168,193178,true,25,3,22-23,2.0
629679,193178,false,26,0,10-11,11.0
1208626,193249,true,13,3,12-13,0.0
1670804,193249,false,14,3,10-11,7.0
2495535,193327,true,2,3,12-13,16.0
460382,193327,true,3,1,10-11,12.0
234901,193517,false,4,2,10-11,5.0
2671053,193517,true,5,4,18-19,9.0
150954,193679,false,15,0,12-13,7.0
3196061,193679,true,16,6,10-11,20.0
877327,193843,false,33,4,8-9,7.0
3044255,193843,true,34,3,10-11,13.0
35494,193861,false,8,1,10-11,30.0
1831590,193861,true,9,1,14-15,21.0
39113,194068,false,21,0,16-17,27.0
1022662,194068,true,22,0,12-13,21.0
1857983,194152,true,49,2,10-11,7.0
1734304,194152,true,50,1,10-11,6.0
464413,194366,false,10,2,14-15,30.0
1444506,194366,true,11,1,14-15,30.0
3289186,194711,true,24,3,16-17,5.0
2164517,194711,true,25,3,12-13,7.0
1754804,194945,true,54,5,10-11,7.0
1553639,194945,true,55,5,10-11,7.0
944280,195033,true,9,5,16-17,30.0
444921,195033,false,10,5,8-9,7.0
2984215,195166,false,8,1,12-13,13.0
1468524,195166,true,9,1,12-13,14.0
1846009,195339,true,15,3,14-15,6.0
1791288,195339,false,16,1,10-11,12.0
1467997,195411,true,2,5,12-13,4.0
2867561,195411,false,3,1,12-13,17.0
694040,195657,true,14,5,10-11,7.0
2568164,195657,true,15,3,10-11,5.0
2478615,196024,true,5,2,6-7,26.0
352315,196024,false,6,2,8-9,14.0
1951101,196034,true,8,0,12-13,30.0
756181,196034,true,9,4,16-17,18.0
2651572,196073,true,8,3,20-21,3.0
1005091,196073,false,9,3,12-13,7.0
1685428,196351,false,20,3,14-15,2.0
156356,196351,true,21,0,16-17,4.0
2631654,196430,true,10,4,2-3,7.0
1295930,196430,false,11,2,10-11,12.0
628610,196469,false,17,2,8-9,21.0
2206969,196469,true,18,1,8-9,20.0
1484661,196532,true,17,0,10-11,10.0
1707790,196532,true,18,1,22-23,1.0
420942,196556,true,3,2,10-11,9.0
3275716,196556,false,4,5,14-15,30.0
2212448,196571,false,5,1,22-23,12.0
1151894,196571,true,6,5,14-15,30.0
1177175,197242,false,5,4,20-21,18.0
2045537,197242,true,6,0,12-13,17.0
1276552,197339,false,9,4,14-15,17.0
312041,197339,true,10,2,16-17,30.0
2740065,197488,false,8,1,12-13,12.0
3060872,197488,true,9,3,10-11,23.0
816559,197699,true,50,4,10-11,8.0
1695471,197699,false,51,4,20-21,7.0
1277967,197842,true,55,2,10-11,7.0
279839,197842,true,56,2,8-9,7.0
50868,197885,false,4,4,10-11,30.0
233425,197885,true,5,4,8-9,28.0
1896907,197958,true,5,6,10-11,8.0
2754510,197958,false,6,1,22-23,16.0
2390896,198039,true,3,1,10-11,30.0
2555166,198039,true,4,2,10-11,30.0
1531326,198131,false,25,4,18-19,4.0
330120,198131,true,26,2,6-7,5.0
3379132,198579,true,13,2,10-11,30.0
1732842,198579,false,14,4,10-11,30.0
3169869,198604,false,12,1,16-17,9.0
2828494,198604,true,13,5,10-11,30.0
1208060,198890,true,4,2,16-17,29.0
1043032,198890,true,5,6,14-15,18.0
253698,198896,false,72,2,10-11,1.0
2721678,198896,true,73,5,12-13,3.0
863042,198961,false,5,6,20-21,7.0
108188,198961,true,6,1,16-17,23.0
2863377,199009,false,8,3,8-9,13.0
1158924,199009,true,9,2,8-9,13.0
357780,199468,true,7,1,10-11,13.0
361369,199468,false,8,2,10-11,30.0
103874,200223,true,4,3,16-17,30.0
2562799,200223,true,5,3,16-17,0.0
2751960,200334,true,3,6,10-11,30.0
95615,200334,false,4,3,16-17,30.0
2846710,200719,false,16,1,14-15,14.0
599884,200719,true,17,3,10-11,2.0
2548321,200855,true,6,2,8-9,8.0
2226003,200855,true,7,1,16-17,20.0
3147258,200860,true,46,1,10-11,14.0
2027779,200860,false,47,1,14-15,14.0
1582225,201249,true,25,3,8-9,14.0
1084013,201249,true,26,1,12-13,30.0
3329364,201418,false,30,3,16-17,23.0
1724421,201418,true,31,0,12-13,18.0
1340648,201419,false,10,2,16-17,30.0
1128378,201419,true,11,5,8-9,30.0
1687576,201588,true,31,3,6-7,8.0
752157,201588,false,32,4,14-15,1.0
2863594,201813,true,20,1,10-11,6.0
763250,201813,true,21,1,12-13,7.0
1522160,201838,true,18,1,8-9,11.0
3026503,201838,true,19,1,8-9,21.0
2651069,201840,true,34,1,12-13,6.0
2527497,201840,false,35,2,12-13,8.0
2236128,201934,true,5,1,10-11,17.0
182393,201934,true,6,1,8-9,14.0
2200444,202165,true,5,5,16-17,25.0
650770,202165,false,6,4,18-19,30.0
3044232,202479,false,16,6,14-15,15.0
2828301,202479,true,17,1,10-11,16.0
3399936,202541,false,7,4,16-17,0.0
779166,202541,true,8,4,22-23,7.0
1109996,202932,false,6,1,8-9,7.0
578961,202932,true,7,4,8-9,3.0
239532,202977,true,3,4,6-7,30.0
3134784,202977,false,4,2,12-13,30.0
1909203,203767,false,29,0,14-15,21.0
3178720,203767,true,30,0,12-13,14.0
282063,204145,true,25,4,6-7,8.0
606405,204145,true,26,3,10-11,6.0
1351355,204194,false,11,1,10-11,30.0
3221275,204194,true,12,0,14-15,20.0
663660,204251,false,3,1,16-17,23.0
1066895,204251,true,4,1,14-15,28.0
1122267,204625,false,5,4,8-9,30.0
273957,204625,true,6,0,10-11,30.0
1516376,204734,false,2,1,14-15,30.0
2495498,204734,true,3,2,10-11,30.0
2178997,204738,false,18,3,12-13,0.0
968645,204738,true,19,3,14-15,0.0
2908099,204778,false,48,5,10-11,30.0
1534111,204778,true,49,3,8-9,5.0
700409,204875,true,3,4,14-15,30.0
1149430,204875,true,4,4,6-7,30.0
34979,204903,false,4,5,12-13,18.0
2856631,204903,true,5,3,14-15,12.0
917789,205270,true,4,1,20-21,30.0
785640,205270,true,5,1,14-15,30.0
680830,205468,false,5,3,22-23,13.0
67541,205468,true,6,3,18-19,21.0
565071,205650,true,25,1,14-15,13.0
78803,205650,false,26,5,14-15,30.0
839787,205655,true,29,4,10-11,13.0
1475477,205655,true,30,5,14-15,15.0
2525357,205660,true,3,3,16-17,30.0
3406439,205660,false,4,5,22-23,16.0
3258645,206110,false,4,3,20-21,7.0
3351563,206110,true,5,3,12-13,7.0
306701,206164,true,5,3,10-11,9.0
1011957,206164,false,6,2,16-17,30.0
